City,Price,Bedroom,Bathroom,Floors,Parking,Face,Year,Views,RoadWidth,RoadType
17,90000000,6,3,2.0,10,7,2073.0,17,20.0,1
17,80000000,5,3,2.0,9,0,2073.0,26,20.0,1
17,70000000,5,3,2.0,12,0,2071.0,154,20.0,1
17,130000000,6,4,3.0,9,7,2017.0,17,20.0,1
17,100000000,6,3,2.0,10,0,2070.0,59,20.0,1
17,100000000,5,6,3.0,9,0,2074.0,92,13.0,1
20,11000000,3,4,3.0,1,5,2019.0,317,11.0,3
17,50000000,5,4,2.0,9,0,2073.0,618,20.0,1
17,100000000,10,8,3.5,5,1,2017.0,110,20.0,1
17,32500000,6,4,2.5,1,5,2065.0,2600,12.0,2
27,32000000,4,5,3.0,3,6,2075.0,922,15.0,1
17,39900000,5,4,3.0,1,3,2075.0,592,14.0,4
17,15000000,2,2,1.0,1,4,2074.0,766,12.0,3
17,52500000,5,5,3.0,3,5,2075.0,872,20.0,1
17,26500000,6,6,3.0,1,0,2076.0,1100,13.0,4
17,25500000,6,6,3.0,1,0,2076.0,1600,13.0,3
17,33000000,6,4,2.5,1,0,2056.0,2800,20.0,1
17,18500000,4,4,,3,4,,404,13.0,6
17,62000000,7,4,,3,0,,164,0.0,6
17,10500000,0,0,,0,1,,460,10.0,6
3,20500000,7,3,3.0,1,0,2076.0,3200,10.0,3
3,22000000,0,0,,0,0,,720,20.0,1
17,145000000,95,40,5.0,7,0,2073.0,169,20.0,1
17,55000000,5,6,3.0,4,4,2071.0,253,20.0,3
17,24000000,4,4,2.5,1,0,2075.0,510,13.0,1
17,37000000,6,6,3.0,3,5,,178,32.0,6
17,102500000,6,6,3.0,4,0,2070.0,208,13.0,1
20,22000000,7,4,3.5,2,4,2076.0,981,13.0,3
17,58500000,6,6,3.0,2,0,2076.0,318,16.0,1
20,18500000,4,3,2.5,1,0,2076.0,596,13.0,3
20,21000000,4,3,2.5,1,0,2076.0,466,13.0,3
20,17500000,5,3,3.0,1,4,,157,13.0,6
17,130000000,5,6,3.0,3,0,2074.0,566,15.0,1
17,105000000,8,8,4.0,4,0,2076.0,96,15.0,1
17,105000000,5,5,3.0,4,4,2070.0,345,15.0,3
17,27500000,6,5,3.0,1,0,2076.0,971,16.0,1
17,40000000,7,7,4.0,2,0,2074.0,151,15.0,1
17,26500000,6,6,3.0,2,7,2075.0,282,14.0,1
3,50,0,2,3.5,2,7,2076.0,1100,20.0,1
17,22500000,6,6,3.0,1,2,2070.0,66,18.0,1
17,60000000,6,6,3.0,4,5,2070.0,157,15.0,5
17,250000000,6,5,3.0,10,0,,339,15.0,6
17,40000000,9,6,4.0,3,0,2069.0,71,13.0,4
17,30000000,6,5,3.0,1,0,2076.0,136,15.0,1
17,65000000,6,6,3.0,4,0,2070.0,108,14.0,3
17,33000000,5,6,3.0,2,1,2070.0,150,13.0,1
17,30500000,5,5,2.0,1,7,2070.0,112,13.0,1
17,14000000,2,2,1.0,1,6,2076.0,1700,13.0,3
17,28000000,6,6,3.0,1,5,2076.0,100,13.0,1
17,41000000,10,5,4.0,3,5,2075.0,67,26.0,1
17,27000000,6,6,3.0,2,0,2076.0,161,14.0,3
17,22000000,5,5,3.0,1,0,2076.0,139,13.0,5
17,37000000,5,5,3.0,3,5,2071.0,168,15.0,1
17,46000000,4,3,2.5,1,6,2074.0,5600,13.0,2
17,22500000,5,3,3.0,1,0,,274,13.0,6
3,29000000,3,3,2.0,2,1,2070.0,1400,20.0,1
17,31000000,3,4,3.0,1,0,2018.0,209,19.68504,1
17,42500000,0,0,,0,7,,136,29.0,6
17,37500000,5,5,3.0,2,5,,162,0.0,6
17,13000000,2,1,1.0,1,7,2076.0,588,0.0,6
17,105000000,4,3,,4,4,,437,20.0,6
17,80000000,4,5,,4,7,2076.0,726,13.0,3
20,25000000,3,4,2.0,2,0,2076.0,688,13.0,3
3,32500000,4,4,2.0,4,4,2017.0,374,20.0,4
17,21000000,5,3,3.0,1,6,2076.0,173,12.0,1
7,16000000,3,4,2.0,1,7,,599,19.68504,6
17,120000000,0,0,,0,7,,205,20.0,6
7,7700000,4,2,2.0,1,0,2017.0,677,16.0,3
17,20000000,7,3,2.5,2,7,2067.0,5100,10.0,3
3,19000000,7,4,3.5,1,7,2076.0,6200,20.0,3
17,33500000,0,4,3.0,2,5,,188,18.0,1
17,37000000,0,0,,0,2,,86,13.0,1
17,36000000,0,0,,0,0,,134,20.0,6
17,40000000,8,4,3.0,5,4,2068.0,86,12.0,2
20,12500000,2,1,1.0,1,7,2076.0,3200,20.0,3
20,19500000,5,3,2.5,1,0,2076.0,710,20.0,3
20,22000000,5,3,2.5,1,7,2076.0,157,20.0,3
20,21500000,4,3,2.5,1,0,2076.0,161,20.0,3
20,19500000,4,3,2.5,1,2,2076.0,166,20.0,3
20,19000000,4,3,2.5,1,4,2076.0,602,13.0,3
20,18000000,4,3,2.5,1,4,2076.0,792,13.0,3
17,37000000,8,5,3.0,2,4,2077.0,136,12.0,3
17,34000000,6,3,3.0,1,4,2077.0,94,12.0,3
6,800000,2,1,1.0,1,4,2020.0,197,32.0,6
20,21000000,0,3,3.0,1,0,,340,12.0,6
17,26000000,8,4,3.0,1,4,2075.0,220,16.0,3
17,22000000,5,3,,1,6,,380,10.0,6
17,23000000,7,3,,1,2,,135,10.0,6
17,25000000,8,4,5.0,0,1,,325,13.0,2
17,15500000,5,2,,1,3,,960,13.0,6
20,23500000,6,4,3.0,1,1,2020.0,673,10.0,6
17,57500000,0,0,,0,2,,167,12.0,1
17,90000000,5,5,,3,5,,296,20.0,6
17,17000000,4,3,2.5,1,3,2076.0,2100,10.0,1
20,12500000,2,1,1.5,1,4,2076.0,917,13.0,3
3,2100000,0,0,,0,2,,3800,20.0,3
17,45000000,4,4,3.0,4,6,2074.0,8200,22.0,6
20,12500000,2,1,1.5,1,4,2076.0,4100,13.0,3
20,19000000,4,3,2.5,2,3,2076.0,1900,13.0,3
17,32000000,0,0,,0,6,,138,20.0,6
17,15500000,2,1,1.5,2,6,2076.0,5300,20.0,3
17,3000000,0,0,,0,7,,48,16.0,4
17,6500000,0,0,,0,0,,46,40.0,1
17,2350000,0,0,,0,4,,232,13.0,1
17,4100000,0,0,,0,0,,23,13.0,5
0,100000,0,0,,0,7,,323,16.0,6
17,200000,0,0,,0,3,,203,20.0,6
17,3500000,0,0,,0,4,,443,12.0,4
17,30000,2,1,,0,7,,457,11.0,6
17,2800000,0,0,,0,7,,599,20.0,1
17,3500000,0,0,,0,0,,195,30.0,1
17,1500000,0,0,,0,0,,475,58.0,2
5,1250000,0,0,,0,0,2003.0,222,20.0,5
17,1100000,0,0,,0,4,,248,10.0,6
17,8500000,0,0,,0,4,,126,13.0,6
17,2850000,0,0,,0,4,,111,10.0,6
17,1450000,0,0,,0,7,,110,20.0,6
17,2600000,0,0,,0,0,,211,15.0,1
17,3800000,0,0,,0,0,,142,30.0,1
17,3500000,0,0,,0,4,,103,30.0,1
17,1000000,0,0,,0,1,,247,26.0,6
17,3500000,0,0,,0,0,,89,32.0,6
17,4200000,0,0,,0,4,,73,15.0,6
17,6000000,0,0,,0,0,,72,35.0,1
17,20000,2,1,,1,7,,498,18.0,6
3,2100000,0,0,,0,4,,316,0.0,6
17,32000,2,2,5.0,0,7,,615,10.0,6
20,3500000,0,0,,0,6,,90,22.96588,3
17,75000,7,7,3.0,3,4,2070.0,252,13.0,1
17,30000,1,1,,1,0,,567,0.0,6
17,8500000,0,0,,0,0,,141,16.0,6
17,2450000,0,0,,0,2,,397,16.0,6
17,5700000,0,0,,0,0,,344,14.0,6
17,20000,0,1,,0,4,,158,0.0,6
17,7000000,0,0,,0,0,,58,25.0,6
17,65000,0,1,,0,4,,92,0.0,6
17,2500000,0,0,,0,4,,151,15.0,1
20,35000,0,0,5.0,2,0,2013.0,106,72.0,1
17,4000000,0,0,,0,2,,134,15.0,5
17,250000,6,7,3.0,6,5,2070.0,354,16.0,1
17,5700000,0,0,,0,0,,105,15.0,1
17,3000000,0,0,,0,6,,117,13.0,5
17,60000,0,2,4.5,5,1,2076.0,655,65.6168,1
17,5500000,0,0,,0,4,,101,0.0,6
17,7000000,0,0,,0,0,,50,29.52756,1
20,25000,2,2,3.0,1,7,2076.0,666,13.0,2
17,30000,0,0,2.0,4,0,,78,26.0,1
27,18000,1,1,,1,2,,480,14.0,1
3,550000,0,0,,0,4,,1400,10.0,3
20,115000,0,0,,0,2,,259,0.0,6
20,35000000,0,0,,0,2,,196,20.0,6
17,1900000,0,0,,0,5,,161,22.0,6
17,600000,5,4,,11,0,,226,0.0,6
17,3000000,0,0,,0,1,,158,0.0,6
7,180000000,0,0,,0,0,,109,30.0,5
17,23000000,3,3,,1,4,,395,20.0,6
17,80000,3,2,4.0,1,1,,1100,0.0,1
10,700000,0,0,,0,0,,142,25.0,1
20,35000,2,2,3.0,2,0,2074.0,301,10.0,5
17,290000,0,1,1.0,1,0,,127,12.0,4
17,150000,3,4,3.0,2,4,,173,0.0,6
17,11000000,0,0,,0,1,,197,32.0,6
17,55000,0,0,,0,1,,123,10.0,6
17,55000,0,0,,0,7,,207,12.0,6
17,11000000,0,0,,0,4,,85,40.0,6
7,20000,0,0,,0,4,,159,19.68504,1
17,20000,1,1,,1,0,,390,0.0,6
20,3500000,0,0,,0,0,,368,19.68504,6
20,16500000,3,2,5.0,1,0,2058.0,975,40.0,1
20,60000,4,3,,2,0,,454,0.0,6
3,70000,4,3,,2,0,,407,0.0,6
20,120000,5,4,,4,0,,166,0.0,6
17,10000000,0,0,,0,0,,330,35.0,1
17,3500000,0,0,,0,0,,130,14.0,3
17,2400000,0,0,,0,5,,115,16.0,1
3,2200000,0,0,,0,0,,72,13.0,6
17,275000,0,0,2.0,0,0,,121,0.0,6
20,3000000,0,0,,0,0,,1100,13.0,1
17,70000,0,0,4.0,1,0,2076.0,1000,25.0,1
17,3500000,0,0,,0,6,,98,16.0,6
17,760000,0,0,,0,3,,81,0.0,6
17,7000000,0,0,,0,5,,94,26.0,6
17,2500000,0,0,,0,6,,74,14.0,6
17,6000000,0,0,,0,1,,75,32.0,6
17,24500000,0,3,2.0,1,0,2074.0,206,16.0,3
17,2850000,0,0,,0,7,,295,13.0,6
17,2500000,0,0,,0,5,,311,14.0,6
17,40000,0,0,,0,7,,352,20.0,5
27,30000,3,2,2.0,3,0,2010.0,154,14.0,1
17,2600000,0,0,,0,1,,307,14.0,6
17,17000000,5,3,3.0,1,7,,248,14.0,6
27,15000,2,1,,1,0,,439,13.0,4
17,2850000,0,0,,0,5,,303,12.0,6
17,4000000,0,0,,0,5,,245,20.0,6
29,250000,0,0,,0,0,,169,20.0,3
17,15000000,0,0,,1,0,,1200,20.0,1
29,235000,0,0,,0,0,,143,16.0,3
17,40000,4,3,3.0,1,5,2020.0,439,22.0,3
17,5500000,0,0,,0,5,,73,36.0,6
17,200000,6,4,,2,0,,151,0.0,6
17,1150000,0,0,,0,0,,565,11.0,3
17,30000,6,2,3.0,2,0,2014.0,192,14.0,1
17,40000,3,2,,1,0,,78,0.0,6
17,200000,5,4,,4,0,,323,0.0,6
22,300000,0,0,,0,3,,191,14.0,3
17,4200000,0,0,,0,0,,103,36.08924,1
20,3500000,0,0,,0,0,,124,0.0,6
20,11900000,2,1,,0,1,,469,30.0,6
17,28500000,6,6,,1,5,,103,20.0,6
20,21500000,0,0,,1,6,,100,13.0,3
17,20000,2,1,,0,7,,529,0.0,6
17,3000000,0,0,,0,0,,135,13.0,5
20,12500000,3,1,2.0,1,7,,214,16.0,1
17,32500000,11,0,,1,0,,453,20.0,1
20,22000000,5,3,2.5,1,3,2076.0,1700,10.0,3
25,11000000,3,4,,1,0,2018.0,247,15.0,1
17,17000000,0,2,3.0,1,4,2017.0,151,20.0,1
3,3000000,0,0,,0,7,,1500,13.0,1
20,11000000,2,1,1.5,2,7,2076.0,1600,13.0,3
20,900000,0,0,,0,0,,1100,10.0,6
17,15000000,0,0,,0,0,,251,45.0,1
20,13000000,4,2,1.5,1,2,2076.0,786,13.0,3
17,42500000,28,0,5.0,0,0,,460,29.0,6
17,1300000,0,0,,0,1,,516,20.0,1
19,1800000,0,0,,0,0,,503,12.0,1
20,300000,8,5,,7,0,,192,0.0,6
17,10500000,0,0,,0,0,,198,0.0,6
17,50000000,3,3,3.0,2,4,2070.0,1600,20.0,1
7,10500000,4,2,3.0,1,4,2009.0,461,13.0,1
17,30000000,6,5,3.0,2,1,2019.0,434,14.0,3
20,31500000,4,4,3.0,1,4,2012.0,290,12.0,4
20,18000000,3,3,3.0,1,5,,704,18.0,6
7,50000000,0,0,0.0,0,0,,305,20.0,5
17,57500000,4,5,3.0,1,6,2076.0,493,20.0,4
17,30000000,0,3,3.0,1,0,,115,25.0,1
20,100000,3,3,3.0,3,0,2001.0,223,20.0,1
17,15500000,0,0,,0,0,,185,18.0,1
17,7500000,0,0,,0,0,,137,20.0,1
17,60000000,0,0,2.0,3,0,,135,15.0,1
17,1200000,0,0,,0,2,,2600,20.0,2
17,2700000,0,0,,0,2,,1400,12.0,1
17,35000000,7,3,2.5,2,7,2076.0,1500,12.0,4
17,3600000,0,0,,0,0,,1200,16.0,1
17,25000000,6,4,4.0,2,0,2000.0,479,20.0,4
17,15500000,0,0,2.0,0,1,2015.0,601,13.0,1
17,9500000,0,0,,0,0,,123,40.0,1
17,75000000,0,0,5.0,0,0,,215,12.0,1
17,3500000,0,0,,0,0,,201,25.0,1
17,7500000,0,0,,0,0,,192,15.0,1
17,75000000,0,0,3.0,0,0,,150,16.0,3
17,4500000,0,0,,0,0,,94,16.0,1
17,3700000,0,0,,0,0,,131,16.0,3
17,39500000,0,0,4.0,3,0,,228,18.0,1
27,70000,0,2,,0,0,,173,0.0,6
17,18000,1,1,1.0,4,0,,444,20.0,6
17,5000000,0,0,,0,0,,105,16.0,3
17,37000000,5,6,3.0,2,4,2076.0,492,20.0,1
27,40000,0,0,3.0,0,0,,292,0.0,6
20,25600000,0,0,4.0,1,0,2013.0,101,10.0,3
20,78000,4,4,,1,0,,176,0.0,6
7,1600000,0,0,,0,5,,1700,30.0,1
17,36500000,5,4,2.0,2,0,2020.0,350,20.0,1
17,102500000,5,0,2.0,0,0,,266,20.0,1
4,899999,0,0,,0,0,,129,0.0,1
17,22500000,5,3,3.0,1,0,2020.0,238,14.0,1
17,23500000,5,3,3.0,2,0,2020.0,175,15.0,1
17,22500000,4,3,3.0,1,0,2076.0,271,15.0,3
17,32500000,5,4,3.0,1,0,2020.0,204,15.0,3
17,42500000,5,0,3.0,4,0,,210,15.0,1
17,11000000,10,3,2.0,0,0,2072.0,538,3.0,6
17,42500000,5,3,2.0,1,0,,147,12.0,4
17,35000000,5,4,2.0,2,0,2020.0,280,18.0,3
17,2200000,0,0,,0,0,,194,20.0,1
17,2400000,0,0,,0,0,,107,16.0,1
17,2400000,0,0,,0,5,,422,12.0,3
17,6000000,0,0,0.0,0,0,,351,13.0,3
17,2700000,0,0,,0,7,,368,13.0,1
17,2300000,0,0,,0,0,,415,20.0,1
17,37000000,5,5,3.0,1,4,2076.0,1200,20.0,1
17,45000000,6,6,3.0,3,0,2076.0,198,20.0,1
26,550000,0,0,,0,4,,164,6.0,6
20,39000000,2,1,1.0,2,0,,362,0.0,6
17,17000000,5,3,3.0,1,0,,764,12.0,4
17,100000,5,4,,2,0,,289,0.0,6
20,75000,3,3,,1,0,,644,0.0,6
17,16500000,6,3,2.5,1,5,2076.0,5700,10.0,3
17,20500000,4,4,2.5,1,0,2076.0,7800,13.0,1
20,25000000,7,6,3.0,3,2,2020.0,304,13.0,1
3,12500000,0,0,2.0,0,0,,1900,16.0,6
20,21000000,4,5,1.0,1,6,2019.0,621,20.0,3
17,60000,0,4,3.0,1,0,2015.0,276,98.4252,1
3,3500000,0,0,,0,0,,393,1640.42,6
3,600000,0,0,,0,0,,747,300.0,6
20,420000,0,0,,0,0,,305,500.0,6
20,2000000,0,0,,0,0,,191,1640.42,6
20,50000,2,1,,1,6,,220,10.0,6
17,175000,0,0,2.0,6,4,,267,14.0,6
17,160000,6,5,3.0,8,4,,167,20.0,6
17,2500000,0,0,,0,7,,1400,12.0,3
17,6000000,0,0,,0,0,,118,984.252,6
17,18000000,6,3,3.0,2,4,2070.0,639,13.0,2
20,35200000,4,4,,1,0,2020.0,209,20.0,1
17,35000,3,2,3.0,1,0,,542,0.0,6
20,37100000,4,4,,1,7,2020.0,380,20.0,1
17,55000000,4,5,3.0,4,0,,786,14.0,4
20,34500000,4,4,,1,7,2020.0,193,20.0,1
17,1650000,0,0,,0,7,,433,28.0,6
17,45000000,5,6,3.0,3,2,2075.0,559,13.0,4
17,22500000,6,5,3.0,1,0,2076.0,274,14.0,3
20,30000,3,2,4.0,1,2,2018.0,687,10.0,1
22,700000,4,2,1.0,1,1,,183,13.12336,4
20,35000,2,2,0.0,2,0,2074.0,890,10.0,5
20,35000,2,2,0.0,2,0,2074.0,158,10.0,5
20,700000,0,0,,0,0,,240,0.0,4
17,23500000,6,5,3.0,1,0,2076.0,200,13.0,4
17,102500000,6,6,3.0,4,0,2076.0,155,13.0,1
20,28200000,4,4,2.0,1,2,2020.0,3100,40.0,1
17,40000,0,1,7.0,0,7,2002.0,111,14.0,1
17,13000000,2,1,1.0,2,0,2014.0,256,10.0,3
17,32500000,5,5,3.0,1,0,2076.0,126,13.0,1
17,26000000,11,9,3.0,1,1,2074.0,7600,13.0,1
17,24000000,7,8,4.0,1,5,2065.0,205,13.0,3
20,17700000,3,4,2.5,1,7,,4200,12.0,1
17,2200000,1,1,1.0,2,0,2016.0,699,10.0,3
17,16800000,5,5,3.0,1,2,2074.0,870,14.0,3
17,34000000,6,6,3.0,2,2,2076.0,280,30.0,1
17,22500000,5,5,3.0,1,5,2076.0,384,14.0,3
17,200000,5,4,3.0,2,0,2014.0,619,14.0,1
17,25000,3,1,1.0,4,0,,697,20.0,6
17,17000,2,1,4.0,0,4,2007.0,266,14.0,3
17,42500000,5,6,3.0,4,5,2071.0,204,14.0,3
17,790000,6,7,3.0,10,0,2065.0,454,24.0,1
17,41000000,7,3,2.5,1,1,2066.0,4500,10.0,1
17,1300000,0,0,,0,0,,716,0.0,6
17,15000000,3,3,,2,7,,879,4.0,6
20,37500000,8,6,4.0,1,3,2007.0,689,12.0,1
17,16000000,5,3,2.5,1,0,2076.0,7100,13.0,1
20,55000,2,1,,0,0,,276,0.0,6
20,75000,4,3,,2,0,,185,0.0,6
17,500000,22,4,,3,0,,175,0.0,6
22,500000,0,0,,0,4,,175,19.68504,4
17,15000000,4,4,3.0,2,7,2014.0,789,0.0,6
20,21500000,6,4,2.5,3,7,2076.0,17400,20.0,2
6,450000,0,0,,0,2,,162,0.0,6
17,23500000,0,0,3.0,0,2,2050.0,573,0.0,0
17,60000000,5,5,2.5,1,4,,4000,13.0,1
17,4200000,0,0,,1,1,,1700,13.0,1
17,4200000,0,0,,1,4,,1100,13.0,3
17,4500000,0,0,,0,4,,1100,20.0,1
17,4200000,0,0,,0,4,,1200,13.0,1
17,6000000,0,0,,1,1,,1900,26.0,1
17,8000000,0,0,,0,0,,1400,36.08924,1
20,2300000,1,0,,0,4,,476,65.6168,1
17,4200000,0,0,,0,7,,1300,20.0,1
12,130000,0,0,,0,0,,499,20.0,3
17,750000,0,0,,0,0,,124,0.0,6
20,30000000,4,4,,1,0,,236,0.0,6
17,81000000,6,6,3.0,6,0,2072.0,167,15.0,3
17,55000000,5,5,2.0,6,1,2069.0,179,22.0,1
17,13000000,6,2,3.0,1,7,2001.0,178,23.0,1
20,273258,4,0,4.0,1,0,2010.0,894,10.0,4
17,30000000,4,3,,1,0,,509,0.0,6
17,225000,0,3,2.0,2,7,2020.0,157,16.0,1
3,375000,0,0,,0,0,,106,0.0,6
17,17500000,5,4,3.0,1,1,,253,15.0,6
17,1450000,0,0,,0,5,,264,13.0,6
17,65000000,6,5,2.0,1,0,,1900,12.0,1
17,9500000,3,1,,1,4,2076.0,713,13.0,3
17,9000000,6,3,3.0,1,0,2064.0,8200,10.0,4
17,2900000,0,0,,0,0,,573,20.0,3
17,80000000,16,10,4.0,2,4,2010.0,226,8.0,4
20,20000000,3,3,,1,0,,280,0.0,6
10,1600000,0,0,,0,0,,216,0.0,3
3,1500000,0,0,,0,4,,164,20.0,3
27,11000,0,0,3.0,0,0,2073.0,206,12.0,1
17,4100000,0,0,,0,5,,137,18.0,1
17,31000000,7,3,3.0,1,4,2014.0,187,10.0,1
17,495000,0,0,,0,0,,182,0.0,6
6,900000,0,2,2.0,4,0,2014.0,195,50.0,1
17,200000,5,4,,2,4,,248,0.0,6
17,15000,2,1,,1,5,2017.0,856,12.0,1
17,20000,0,1,1.0,1,4,2006.0,448,14.0,4
20,17500000,3,3,,1,3,2016.0,1600,13.0,1
20,19500000,5,3,3.0,1,2,,1000,20.0,6
3,60000,5,0,0.0,6,1,,180,20.0,1
3,11000,0,0,0.0,5,1,,176,20.0,5
17,60000,3,4,2.0,2,0,2019.0,548,0.0,6
17,3500000,0,0,,0,0,,325,20.0,1
17,65000000,5,4,2.0,1,0,2076.0,459,20.0,1
17,150000000,6,6,2.0,4,0,,537,18.0,1
17,3500000,0,0,,0,0,,258,16.0,1
17,250000000,5,7,2.0,20,0,,848,18.0,1
17,3500000,0,0,,0,4,,178,15.0,1
17,37000000,6,6,3.0,2,0,2075.0,259,16.0,1
17,19000000,4,3,2.0,1,0,2076.0,347,15.0,1
17,105000000,6,5,3.0,3,0,,309,16.0,1
17,4500000,0,0,,0,0,,174,25.0,1
17,3400000,0,0,,0,0,,93,16.0,1
20,280000,5,5,,3,1,2019.0,257,0.0,6
17,65000000,5,6,3.0,3,5,2076.0,197,22.0,1
20,25000,2,2,1.0,1,0,,294,0.0,6
20,19500000,5,3,2.5,1,7,2076.0,1400,20.0,1
17,1800000,43,20,,0,0,,537,0.0,6
17,24000000,8,5,3.0,1,7,2019.0,699,14.0,4
27,800000,31,31,,6,0,,555,0.0,6
7,13000,2,2,3.0,1,7,2019.0,232,62.33596,0
17,200000,4,4,,2,0,,308,0.0,6
17,95000,4,2,2.0,1,0,2019.0,240,12.0,3
3,600000,0,0,,0,0,,189,0.0,6
7,2000000,0,0,,0,0,,536,20.0,3
3,35000000,3,4,,3,0,2072.0,978,30.0,1
17,250000,17,19,,4,0,,226,0.0,6
20,60000,4,3,,2,0,,342,0.0,6
20,20000000,5,2,4.0,1,0,2076.0,988,15.0,3
20,23500000,6,4,3.0,1,7,2072.0,7500,13.0,3
17,24000000,4,4,2.0,1,4,2010.0,609,18.0,1
27,700000,0,0,,0,7,,783,18.0,5
20,80000,4,3,,1,0,,742,0.0,6
17,16000,2,1,3.0,0,4,2009.0,697,7.0,3
20,40000000,4,4,3.0,2,4,2006.0,1400,492.126,4
20,18000,1,1,,1,6,2002.0,368,20.0,1
17,3000000,0,0,,0,4,,237,21.0,6
20,25000,2,2,,1,0,,653,0.0,6
3,39999999,4,3,3.0,2,4,2071.0,20600,28.0,1
17,2000000,0,0,,0,7,,682,14.0,4
20,60000,2,2,,1,0,,757,0.0,6
17,65000,3,3,,2,0,,211,0.0,6
17,43500000,7,3,3.0,1,7,,1900,13.0,1
20,10000,1,1,,0,0,,362,0.0,6
20,25000,4,2,,1,0,,390,0.0,6
20,20000,1,1,,0,0,,234,0.0,6
20,100000,4,4,,1,0,,185,0.0,6
20,270000,5,4,2.0,12,4,2045.0,886,13.0,1
13,430000,0,0,0.0,0,4,,583,32.0,1
10,2000000,0,0,,0,0,,205,12.0,4
3,1100000,0,0,,0,0,,910,0.0,6
17,3500000,0,0,,0,2,,678,15.0,1
17,20000,2,1,3.0,1,7,2012.0,573,10.0,3
20,2700000,0,0,,0,5,,490,14.0,3
20,150000,4,4,,1,0,,440,0.0,6
17,450,0,0,,0,0,,477,0.0,6
20,60000,2,2,,1,0,,489,0.0,6
17,22500000,4,3,2.0,1,0,2076.0,1100,16.0,1
17,45000000,0,4,3.0,2,0,,589,20.0,1
17,85000000,5,6,3.0,4,0,2069.0,259,20.0,1
17,160000000,6,6,3.0,5,0,2076.0,292,20.0,1
17,7500000,0,0,,0,0,,362,15.0,1
17,61000000,12,8,4.0,4,0,2069.0,199,13.0,1
17,45000000,6,6,3.0,2,0,2075.0,210,15.0,1
17,49500000,5,5,3.0,2,0,2073.0,284,14.0,1
17,24000000,6,6,3.0,1,2,2076.0,153,15.0,1
17,45000000,6,6,3.0,4,6,2072.0,268,20.0,1
17,60000000,7,7,3.0,4,4,2066.0,265,15.0,1
17,22500000,5,5,3.0,1,0,2075.0,237,14.0,4
17,69000000,5,5,3.0,0,4,,97,22.0,1
17,68000000,0,0,,0,0,,214,30.0,1
17,3700000,0,0,,0,0,,126,16.0,1
17,62000000,5,6,3.0,4,6,2075.0,219,14.0,3
17,3700000,0,0,,0,0,,108,15.0,3
17,69000000,7,7,3.0,4,5,,88,20.0,1
17,45000000,6,7,3.0,2,0,2075.0,191,15.0,1
17,65000000,6,5,2.0,0,0,,437,16.0,1
17,42000000,8,7,4.0,4,5,,243,20.0,4
20,13000000,2,1,1.35,1,2,2076.0,2700,10.0,3
20,12700000,2,1,1.5,1,1,2076.0,178,10.0,3
20,11000000,2,1,1.5,1,7,2076.0,1600,16.0,3
7,3050000,0,0,,0,4,,482,164.042,1
20,12000000,2,1,1.5,1,7,2076.0,3800,13.0,3
20,65000,4,3,,1,0,,696,0.0,6
20,12500000,2,1,1.5,1,0,2076.0,2600,13.0,3
17,19000000,8,4,3.0,1,1,2073.0,6100,10.0,3
20,11500000,2,1,1.5,1,4,2076.0,902,13.0,3
7,400000,0,0,,0,4,,250,26.0,1
7,80000,6,3,3.0,10,4,2019.0,456,26.0,1
19,16000,2,1,3.0,1,2,2019.0,271,13.0,5
20,60000,3,2,,1,0,2015.0,587,24.0,1
20,15000000,2,1,1.5,1,2,2076.0,5200,16.0,1
20,11000000,2,1,1.5,1,0,2076.0,2100,13.0,3
3,1500000,0,0,,0,1,,542,12.0,6
20,50000,4,4,,1,0,2019.0,404,12.0,4
22,20000000,4,4,2.0,4,0,2019.0,502,14.0,4
20,400000,0,5,5.0,3,1,2001.0,589,3.28084,3
17,7500000,0,0,,0,0,,300,15.0,1
17,4500000,0,0,,0,0,,498,16.0,1
17,4600000,0,0,,0,0,,134,13.0,1
17,23000000,5,5,3.0,1,7,2073.0,199,13.0,3
17,60000000,7,4,4.0,4,0,2076.0,448,14.0,1
17,60000000,5,6,4.0,4,0,2076.0,254,13.0,4
17,25500000,7,4,3.0,1,0,,306,14.0,1
17,55000000,5,4,2.0,2,5,,295,14.0,1
20,22200000,4,5,,1,6,2019.0,227,0.0,6
17,24000000,5,3,2.0,1,0,2076.0,237,13.0,1
17,55000000,5,6,3.0,2,4,2073.0,138,14.0,1
17,25500000,7,6,4.0,1,6,2075.0,122,14.0,1
17,2700000,0,0,,0,0,,498,15.0,3
17,27500000,6,3,2.0,1,0,2076.0,654,15.0,1
17,2650000,0,0,,0,0,,433,20.0,5
17,63000000,5,4,2.0,2,0,,534,16.0,1
17,3500000,0,0,,0,7,,452,14.0,1
17,60000000,5,5,2.0,0,0,2075.0,581,20.0,1
17,34500000,6,4,3.0,2,0,2076.0,459,30.0,1
17,39500000,3,3,2.0,2,0,,1200,15.0,1
17,38000000,0,3,2.0,3,0,2076.0,476,16.0,1
20,12000000,4,1,1.5,0,2,,984,4.0,2
20,8700000,0,2,3.0,0,4,2060.0,555,1.0,2
20,12500000,2,1,1.0,1,0,2019.0,319,13.0,6
20,130000,2,1,1.0,1,0,2019.0,378,15.0,6
17,60000,0,0,3.0,0,5,,225,13.0,1
20,23500000,4,4,3.0,1,7,2016.0,465,13.0,1
17,60000,4,3,3.0,1,5,2010.0,247,20.0,1
20,27000000,6,4,3.0,0,0,,973,13.0,1
17,15200000,4,2,,1,4,,1000,20.0,1
17,2650000,0,0,,0,0,,369,20.0,3
17,235000000,5,5,3.0,1,0,2076.0,650,13.0,3
17,27600000,7,6,3.0,1,0,2076.0,832,13.0,3
17,70000000,5,4,,10,0,,671,16.0,1
17,50000000,4,4,2.0,2,0,,473,16.0,1
17,22500000,4,3,2.0,1,0,2076.0,805,15.0,1
17,23500000,0,3,2.0,1,0,2076.0,192,16.0,1
17,240,5,5,3.0,1,0,2076.0,523,14.0,3
17,70000000,6,7,3.0,10,0,2068.0,177,15.0,1
17,500000000,5,5,3.0,2,0,2075.0,650,15.0,1
17,160000000,10,10,4.0,5,0,2076.0,360,20.0,1
17,42500000,6,6,3.0,0,5,,711,15.0,1
17,18000000,5,5,3.0,1,1,2076.0,580,13.0,3
17,27500000,6,6,3.0,2,0,2076.0,118,14.0,3
17,33000000,5,3,2.5,1,7,,7500,15.0,1
17,145000000,5,6,3.0,4,0,2076.0,493,18.0,1
20,3700000,5,4,3.0,9,4,,1700,8.0,1
20,21000000,4,5,2.5,1,6,2076.0,4500,20.0,3
20,28500000,5,4,3.0,1,5,2073.0,6400,13.0,1
17,17500000,4,2,,0,2,,536,20.0,6
17,15500000,4,2,2.0,1,2,,872,0.0,6
17,15500000,4,2,,1,2,,497,20.0,6
17,3200000,0,0,,0,0,,309,13.0,1
17,250000,18,5,2.0,0,2,,509,13.0,1
17,3000000,0,0,,0,1,,604,20.0,1
17,2300000,0,0,,0,0,,867,13.0,6
17,2000000,0,0,,0,0,,1800,20.0,1
3,400000,0,0,,0,3,,466,400.0,1
22,1100000,0,0,0.0,0,4,,860,20.0,1
17,42000000,7,6,3.0,3,0,2076.0,839,13.0,3
17,300000,18,4,5.0,0,7,2045.0,429,18.0,1
17,2500000,0,0,,0,2,,509,0.0,6
17,4000000,0,0,,0,0,,507,13.0,1
20,30000,2,1,,1,0,,758,36.08924,1
20,19000000,4,3,3.0,2,7,2076.0,869,0.0,1
20,21000000,3,2,2.5,1,4,,8000,13.0,1
20,50000,3,2,9.0,0,0,,2400,20.0,1
17,200000,0,0,,0,5,,287,20.0,1
17,110,0,0,3.0,0,0,,196,16.0,1
17,100000,3,4,2.0,1,1,,172,15.0,1
17,160,0,0,,0,2,,149,0.0,6
17,350000,0,0,5.0,0,4,,134,15.0,1
17,3000000,0,0,,0,2,,285,15.0,6
17,200000,4,3,3.0,2,5,,144,15.0,1
17,3000000,0,0,,0,5,,243,15.0,1
17,150000,0,0,5.0,2,6,,178,0.0,6
17,1200000,0,0,,0,2,,177,20.0,1
17,250000,0,0,,0,5,,152,16.0,1
17,120000,12,0,3.0,2,3,,109,15.0,1
17,130000,12,0,3.0,3,2,,122,16.0,1
17,150000,8,3,3.0,2,2,,125,16.0,6
17,2500000,0,0,,0,2,,434,15.0,3
17,150000,4,4,3.0,1,4,,157,16.0,6
17,85000000,7,8,3.0,4,0,2067.0,672,14.0,1
17,13000000,0,0,,0,5,,171,13.0,3
17,1050000,0,0,,0,4,,438,13.0,3
17,80000,13,0,4.0,0,0,,160,13.0,6
17,370000,17,17,4.0,0,2,2076.0,348,20.0,1
17,2600000,0,0,,0,0,,460,22.0,1
17,150000,4,4,3.0,2,2,,516,13.0,6
17,17000000,8,3,10.0,2,1,,706,10.0,5
17,18500000,3,3,2.5,1,0,2075.0,10600,14.0,3
17,3200000,0,0,,0,0,,421,13.0,6
17,17000000,4,5,3.0,1,7,2076.0,1200,16.0,3
27,2500000,0,0,,0,1,,483,13.0,5
17,32500000,8,6,3.0,1,5,2076.0,862,20.0,1
17,29800000,5,5,3.0,2,0,2076.0,641,15.0,4
27,2500000,0,0,,0,4,,504,20.0,1
17,33500000,5,5,3.0,1,3,2076.0,837,14.0,3
17,29900000,7,6,3.0,2,6,2019.0,472,20.0,1
17,49000000,6,6,3.0,2,4,2074.0,498,14.0,1
17,29900000,5,3,2.5,1,4,2076.0,4600,10.0,2
17,21000000,6,6,3.0,1,0,2074.0,550,13.0,4
17,100000000,6,6,3.0,5,0,2069.0,589,13.0,1
17,45000000,5,5,3.0,1,1,,179,13.0,1
17,3500000,0,0,,0,0,,378,15.0,1
17,33500000,6,6,3.0,1,5,2076.0,87,14.0,1
17,28500000,5,5,3.0,1,1,2076.0,143,15.0,3
17,50000000,5,5,3.0,3,0,2071.0,551,16.0,1
17,35000000,5,5,3.0,2,0,2069.0,310,20.0,1
17,49000000,5,5,3.0,2,7,2076.0,490,13.0,3
17,39000000,5,5,3.0,3,0,2070.0,151,15.0,1
17,6500000,0,0,,0,0,,146,20.0,1
17,29000000,6,6,3.0,1,0,2074.0,316,13.0,1
17,44500000,5,5,3.0,1,4,2076.0,410,16.0,1
17,5500000,0,0,,0,4,,487,15.0,1
17,3700000,0,0,,0,0,,359,16.0,1
17,29800000,5,5,3.0,1,0,,581,16.0,1
17,5700000,0,0,,0,0,,371,12.0,1
17,1250000,0,0,,0,0,,179,20.0,5
17,2000000,0,0,,0,5,,509,12.0,3
20,45000000,3,2,13.0,1,4,2015.0,1700,20.0,1
19,1800000,0,0,,0,4,,391,20.0,1
19,2000000,0,0,,0,0,,389,13.0,1
21,220000,0,0,0.0,0,0,,706,19.68504,5
13,200000,0,0,,0,3,,376,20.0,3
0,280000,0,0,,0,0,,369,0.0,5
20,15000,2,1,3.0,0,5,2075.0,657,14.0,3
17,38700000,6,5,3.0,3,0,2076.0,3800,15.0,1
17,39000000,6,5,3.0,3,0,2019.0,859,13.0,1
20,1200000,0,0,,0,5,,2000,20.0,5
17,15000000,4,2,1.5,1,4,2072.0,11800,18.0,2
17,155000000,9,6,5.5,31,1,2075.0,5100,20.0,1
17,32500000,4,3,2.0,4,0,,393,11.0,1
20,90000000,4,2,2.5,3,4,,11300,16.0,1
17,15000,2,1,,1,1,2019.0,868,13.0,3
20,150000,5,3,3.0,1,0,2012.0,572,55.77428,1
17,4500000,0,0,,0,0,,649,15.0,1
20,19000000,0,4,3.0,1,5,2074.0,705,13.0,3
17,21000000,6,5,2.5,1,0,,8000,14.0,2
20,21500000,5,3,2.5,1,4,2076.0,1200,20.0,1
20,22500000,6,3,2.5,1,4,2076.0,903,20.0,1
17,35000000,4,4,2.0,2,0,,2400,20.0,3
17,60000000,5,4,2.0,2,0,,756,16.0,1
17,75000000,0,4,2.0,0,0,,357,18.0,1
17,36500000,4,3,2.0,1,0,2076.0,359,15.0,3
17,37500000,4,3,2.0,1,5,,1600,15.0,1
17,3800000,0,0,,0,0,,255,16.0,1
17,5700000,0,0,,0,0,,261,15.0,1
17,25000000,4,3,2.0,1,0,2076.0,221,12.0,3
17,38500000,0,4,2.0,3,0,2076.0,306,16.0,1
17,3500000,0,0,,0,5,,135,20.0,1
17,24000000,4,3,2.0,1,0,2076.0,198,14.0,1
17,35500000,4,3,3.0,1,0,2076.0,151,15.0,3
17,110000000,4,4,,0,0,,436,16.0,1
17,55000000,4,3,,2,0,,125,15.0,1
17,35500000,4,4,2.0,2,0,,297,15.0,1
17,29500000,4,3,2.0,1,0,2076.0,110,13.0,1
17,49500000,0,4,2.0,3,0,,290,16.0,1
17,95000000,0,4,2.0,0,0,,390,15.0,1
17,28000000,4,3,2.0,2,5,2076.0,275,14.0,1
17,45000000,4,4,,3,0,,151,16.0,1
17,80000000,0,4,,0,0,,132,16.0,1
17,35000000,4,4,2.0,2,0,,305,15.0,1
17,57500000,4,4,2.0,4,5,,118,16.0,1
17,300000000,4,4,,0,0,,737,20.0,1
17,55000000,4,4,2.0,3,5,,232,20.0,1
17,67500000,4,4,,4,5,,247,20.0,1
17,55000000,4,3,2.0,3,5,,253,14.0,1
17,35000000,6,3,2.0,2,0,2076.0,210,15.0,1
17,36000000,5,4,2.0,2,2,,197,15.0,1
17,26000000,4,3,2.0,2,2,2076.0,177,14.0,1
17,47500000,5,4,2.0,3,5,,1000,16.0,1
17,18200000,5,5,3.0,1,0,2076.0,298,13.0,1
17,200000,13,5,3.5,1,1,,1600,16.0,4
17,26000000,6,5,3.0,1,0,2076.0,494,14.0,1
17,39000000,5,5,3.0,2,0,2070.0,495,14.0,4
17,2300000,0,0,,0,0,,526,12.0,5
17,120000,4,4,2.0,1,7,,605,14.0,1
17,33500000,5,5,3.0,2,3,2076.0,300,13.0,3
17,39900000,5,6,3.0,2,0,2069.0,147,14.0,1
20,18000000,3,2,4.0,1,0,,9300,0.0,6
17,32500000,8,7,4.0,1,5,2076.0,190,20.0,1
17,29000000,5,5,3.0,2,4,2075.0,180,14.0,3
17,2600000,0,0,,0,2,,216,15.0,6
17,36000000,5,5,3.0,1,0,2070.0,178,13.0,1
17,47500000,4,5,3.0,3,0,2070.0,215,15.0,5
17,28000000,0,0,,0,0,,140,12.0,1
17,4000000,0,0,,0,1,,448,210.0,1
20,15000000,5,3,2.5,1,7,2076.0,6900,13.0,3
20,20000000,6,3,2.5,2,1,2076.0,4600,13.0,3
17,23000000,6,5,3.0,1,3,2076.0,510,13.0,3
20,18500000,5,2,2.5,1,7,2076.0,597,13.0,3
17,24500000,6,5,3.0,1,2,2076.0,200,22.0,3
17,23800000,6,6,3.0,1,0,2076.0,332,18.0,1
17,39000000,6,6,3.0,2,4,2076.0,501,15.0,5
17,31000000,5,5,3.0,1,6,2076.0,603,14.0,4
17,29000000,6,5,3.0,1,4,2076.0,396,13.0,3
17,25000000,6,5,3.0,1,4,2076.0,404,13.0,3
17,56000000,5,5,3.0,2,4,2071.0,526,15.0,1
17,67500000,5,5,3.0,3,5,2070.0,629,20.0,1
17,4000000,0,0,,0,0,,99,13.0,1
17,3500000,0,0,,0,0,,412,15.0,5
17,37500000,6,6,3.0,1,0,2076.0,119,13.0,1
17,350000,6,6,3.0,4,0,2076.0,474,16.0,3
17,4200000,0,0,,0,0,,93,13.0,1
17,35000000,6,5,3.0,1,0,2076.0,585,13.0,1
20,22000000,5,3,2.5,2,0,2076.0,6200,20.0,3
20,19500000,5,3,2.5,2,0,2076.0,2300,13.0,3
20,17000000,5,3,2.5,2,4,,740,20.0,1
20,17500000,6,4,2.5,1,4,2076.0,5700,16.0,3
17,850000,0,1,,1,0,2005.0,791,82.021,1
17,4500000,0,0,,0,2,,525,15.0,1
20,17500000,5,3,2.5,1,5,2076.0,1200,13.0,3
9,10000000,4,3,2.0,0,0,,677,7.0,3
17,22000000,0,0,,0,0,,713,20.0,1
17,25000,2,1,,1,0,,667,0.0,6
17,22000000,11,3,2.5,1,4,2073.0,982,11.0,3
20,19000000,4,3,,1,1,2076.0,1400,0.0,6
17,1950000,0,0,,2,3,,629,12.0,6
17,120000000,0,0,5.0,0,7,,812,30.0,1
17,5750000,0,0,,0,0,,520,16.0,5
20,1600000,0,0,,0,0,,833,16.0,1
17,22000000,5,2,2.5,1,0,2076.0,13100,13.0,4
17,2500000,0,0,,0,0,,392,13.0,5
20,3000000,0,0,,0,7,,156,13.0,3
17,17500000,5,4,3.0,1,1,,1200,15.0,6
17,400000,0,0,,0,4,,700,16.0,1
20,18000000,4,3,2.0,1,4,2076.0,1800,0.0,6
17,34000000,5,4,,1,4,,576,14.0,6
17,26300000,5,0,,1,0,,902,13.0,6
17,37000000,6,0,,1,0,2076.0,1300,13.0,6
17,21000000,4,3,2.0,1,0,,566,12.0,6
20,17000000,4,3,2.5,1,4,2076.0,1800,13.0,3
27,700000,0,0,,0,1,,989,0.0,6
20,2400000,0,0,,0,7,,4000,20.0,3
20,17000000,8,3,2.5,1,4,2076.0,2800,13.0,3
20,2800000,0,0,,0,4,,778,10.0,1
17,16000000,4,3,,1,0,2076.0,998,12.0,4
20,150000,3,3,0.0,1,4,2072.0,814,26.0,1
20,22000000,10,3,3.0,1,4,,2000,13.0,1
20,65000,0,0,4.0,0,2,,446,72.17848,1
17,11500000,2,1,1.0,1,2,2073.0,651,13.0,1
7,1850000,0,0,,0,0,,264,26.24672,4
19,2100000,0,0,,0,6,,720,13.0,3
20,19700000,4,4,3.0,2,4,2076.0,1200,13.0,6
17,29000000,6,5,3.0,1,0,2076.0,323,20.0,3
17,290000000,6,5,2.0,20,0,2068.0,571,15.0,1
17,45000000,6,6,3.0,3,0,2075.0,490,13.0,3
17,36000000,4,5,3.0,3,7,2075.0,448,30.0,5
17,35500000,5,5,3.0,2,3,2075.0,449,13.0,3
17,6100000,0,0,3.0,0,1,,627,16.0,1
13,600000,0,0,,0,0,,622,60.0,1
17,24100000,3,3,3.0,0,6,2068.0,509,13.0,4
3,15500000,4,2,,1,0,2073.0,971,13.0,3
17,40000000,5,5,3.0,3,0,2076.0,544,20.0,4
17,17500000,5,3,7.0,0,7,2075.0,552,26.0,1
20,20000000,3,2,3.0,1,4,2070.0,1600,20.0,1
20,18000000,5,3,3.0,1,7,2019.0,871,13.0,1
20,35000000,18,16,3.0,1,0,2076.0,8100,12.0,3
17,17000000,0,0,,0,0,,794,12.0,6
20,100,0,15,6.0,20,7,2019.0,258,29.52756,1
17,26000000,4,3,2.5,0,1,2076.0,1400,13.0,1
17,4500000,0,0,,0,4,,783,12.0,1
1,3650000,4,1,,0,1,2074.0,730,14.0,5
20,3100000,0,0,,0,0,,1000,7.0,1
17,25500000,5,6,3.0,1,0,2076.0,485,13.0,1
20,350000,0,0,,0,0,,899,24.0,3
17,68000000,5,5,3.0,4,0,2076.0,475,15.0,1
17,21500000,6,5,3.0,1,2,2076.0,456,20.0,3
17,18200000,6,0,3.0,5,7,2076.0,464,13.0,3
17,80000000,4,4,3.0,4,0,2072.0,415,14.0,1
17,19900000,6,5,3.0,1,6,2076.0,361,12.0,4
17,72000000,5,5,3.0,0,6,2070.0,356,15.0,1
17,60000000,5,5,3.0,0,2,2076.0,339,13.0,1
17,57500000,6,5,3.0,6,3,2075.0,286,15.0,1
17,66000000,5,5,3.0,4,5,2071.0,428,20.0,1
17,29900000,7,5,3.0,1,6,2076.0,181,13.0,1
17,29900000,7,7,3.0,1,5,2076.0,128,13.0,1
17,33500000,4,4,3.0,1,2,2072.0,375,20.0,1
20,37500000,5,4,,1,0,2075.0,14200,16.0,3
17,2300000,0,0,,0,0,,1100,12.0,6
17,2250000,0,0,,0,0,,476,20.0,2
17,23000000,3,2,3.0,3,0,,580,20.0,6
17,20600000,5,3,3.0,1,2,2076.0,992,13.0,5
17,26000000,5,3,3.0,1,7,2015.0,396,26.0,1
17,65000000,5,5,,3,4,2076.0,144,20.0,1
17,400000000,6,6,3.0,20,0,2073.0,1300,20.0,1
17,45000000,4,5,3.0,3,5,2075.0,303,15.0,1
17,3500000,0,0,,0,6,,284,13.0,3
17,1350000,0,0,,0,0,,373,20.0,3
17,600000,0,0,,0,5,,219,18.0,1
17,28500000,8,3,3.0,1,2,2073.0,684,16.0,1
20,35000,4,3,2.0,1,0,2019.0,1000,16.4042,4
17,40000000,0,0,2.5,1,1,2076.0,1900,13.0,1
17,400000,11,8,6.0,5,0,2016.0,716,12.0,6
20,19000000,0,0,,1,2,2076.0,784,0.0,6
17,70000,2,1,6.0,5,0,2016.0,453,12.0,4
20,11000000,2,1,1.0,1,0,,1100,13.0,6
20,19200000,4,5,3.0,1,0,2018.0,5500,20.0,1
17,36000000,5,5,3.0,2,0,2074.0,107,13.0,1
17,20500000,4,4,,1,4,2074.0,318,15.0,3
7,900000,0,0,,0,0,,497,10.0,1
17,45000,2,2,,1,5,,1300,10.0,1
20,150000,3,4,,2,0,,779,26.24672,1
17,18000000,4,4,3.0,1,1,2075.0,646,13.0,3
17,72000000,5,5,3.0,4,0,2075.0,332,15.0,1
17,23000000,6,5,3.0,1,0,2075.0,589,13.0,1
17,19900000,6,4,3.0,1,5,2073.0,2700,13.0,1
17,40000000,7,8,4.0,2,0,2075.0,157,14.0,4
17,21500000,5,5,3.0,1,4,2076.0,217,13.0,3
17,34500000,6,3,2.0,2,2,2000.0,1100,0.0,6
17,70000000,4,4,2.0,4,7,2064.0,316,14.0,1
17,55000000,0,0,,0,0,,594,32.8084,3
17,65000000,5,5,3.0,4,4,2069.0,183,14.0,1
17,62000000,7,7,3.0,3,0,2074.0,165,13.0,1
17,5800000,0,2,2.0,2,1,2060.0,1100,18.0,4
20,150000,3,4,3.0,2,0,2019.0,633,14.0,4
17,35000,4,3,,2,0,,651,12.0,4
17,25500000,0,0,3.5,0,1,2070.0,5100,13.0,1
17,13500000,0,0,,1,5,,1200,12.0,1
20,28000000,0,0,,0,4,,1000,20.0,6
17,20000000,0,0,0.0,2,0,2076.0,934,14.0,3
17,67500000,4,4,2.0,2,0,,651,15.0,1
17,32500000,4,4,2.0,2,0,2076.0,2800,15.0,3
17,35000000,4,4,2.0,2,0,2073.0,775,15.0,3
17,31000000,4,4,2.0,1,0,2076.0,679,14.0,1
17,32500000,4,4,2.0,1,0,2076.0,324,18.0,1
17,20000000,4,4,3.0,1,0,2074.0,1300,15.0,1
17,35000000,2,3,,4,0,,239,15.0,1
17,32500000,4,3,3.0,1,0,,466,30.0,1
17,22000000,10,0,3.0,0,1,,871,15.0,1
17,35000000,4,4,3.0,2,0,2076.0,255,33.0,1
17,26000000,0,0,3.0,1,0,2076.0,1600,12.0,3
17,26500000,0,0,3.0,1,5,,252,14.0,1
17,11500000,0,0,,0,0,,596,13.0,1
17,60000000,0,0,4.0,0,4,,575,0.0,6
17,37000000,7,6,4.0,1,4,2016.0,609,16.0,1
17,13200000,4,2,0.0,1,0,2074.0,938,13.0,3
17,1200000,0,0,,0,1,,802,20.0,3
22,16000000,0,0,,0,1,,513,15.0,6
17,900000,0,0,,0,4,,508,10.0,4
23,200000,0,0,,0,1,,386,15.0,6
3,27000000,16,3,3.0,0,1,,867,13.0,1
8,250000,0,0,,0,5,,674,0.0,6
7,50000000,0,0,,0,1,,788,19.68504,1
3,1800000,0,0,,0,1,,614,10.0,3
20,3700000,0,0,,0,6,,8100,40.0,3
19,15000000,0,2,3.0,0,4,,874,12.0,6
22,2500000,0,0,,0,0,,761,25.0,1
20,6500000,2,1,2.0,0,7,,1000,5.0,3
17,27500000,7,0,3.0,2,0,2019.0,2100,13.0,1
17,18000000,6,4,3.0,2,0,2019.0,1600,13.0,3
17,32000000,8,4,,1,1,,820,0.0,6
20,3000000,0,0,0.0,0,2,,177,12.0,3
20,38500000,4,4,3.0,3,3,2019.0,34500,13.0,1
17,35000000,4,4,4.0,1,0,2019.0,861,22.0,1
20,235000,3,3,10.0,2,4,,6700,20.0,1
17,18200000,0,0,,0,0,,1600,13.0,1
17,13500000,4,3,3.0,1,5,2019.0,5500,13.0,3
29,600000,0,0,,0,1,,666,20.0,1
20,18000,2,1,,0,1,,843,15.0,3
4,8000000,3,1,2.0,1,2,,644,13.0,1
20,60000,3,3,,0,4,,610,13.0,3
6,2500000,0,0,,0,7,,569,15.0,3
7,7500000,2,1,1.0,2,0,2072.0,731,19.68504,1
17,5700000,0,0,,0,7,,193,24.0,3
17,2000000,0,0,,0,7,,267,13.0,5
17,50000,0,0,,0,1,,547,11.0,4
17,1150000,0,0,,0,0,,581,13.0,5
17,32500000,6,5,3.0,5,0,2076.0,736,12.0,1
3,85000,0,0,3.0,0,0,2019.0,521,12.0,5
17,1050000,0,0,,0,4,,681,13.0,1
17,18000000,0,3,3.0,1,0,,784,9.0,4
17,3000000,0,0,0.0,0,1,,715,10.0,5
17,20000000,0,0,0.0,0,6,,638,30.0,1
20,14500000,0,0,,0,7,,823,13.0,3
17,1900000,0,0,,0,7,,309,12.0,5
27,11000000,0,0,,0,0,,378,15.0,5
17,45000000,0,0,,0,4,,2200,15.0,5
17,49500000,0,0,,0,4,,3300,15.0,1
20,70000000,3,3,2.0,4,0,2050.0,896,20.0,1
17,70000000,4,3,3.0,4,0,2049.0,989,20.0,1
17,4300000,0,0,,0,1,,435,9.0,4
20,25000000,3,5,,1,0,,1700,20.0,1
20,16000000,16,4,4.0,1,0,2063.0,645,10.0,2
20,13500000,3,9,3.0,0,2,2076.0,1500,10.0,5
20,12000000,2,1,1.0,0,2,,4400,12.0,5
20,2700000,0,0,,0,2,,10000,16.0,1
17,27800000,6,3,3.0,2,0,2019.0,3900,13.0,3
20,36000000,3,3,,2,0,2065.0,1200,20.0,1
17,3800000,0,0,,0,7,,433,20.0,1
20,180000,5,0,,2,0,,552,14.0,1
17,100000000,8,9,4.0,4,4,2065.0,1500,13.0,1
17,60000000,6,3,,4,4,2050.0,1700,20.0,1
17,4000000,0,0,,0,2,,566,20.0,1
17,65000000,5,5,3.0,3,5,2075.0,951,13.0,5
17,56000000,6,6,3.0,3,0,2074.0,1400,20.0,5
17,44500000,6,5,3.0,3,5,2076.0,933,15.0,1
17,85000000,5,5,,3,0,,351,13.0,5
17,38000000,0,0,,0,0,,811,13.0,1
17,2000000,0,0,,0,7,,795,16.0,4
17,1375000,0,0,,0,7,,442,13.0,3
17,1450000,0,0,,0,0,,550,13.0,1
17,19000000,8,0,3.0,0,4,,2600,10.0,1
17,50000,6,3,2.0,3,0,2018.0,4700,10.0,4
17,1700000,0,0,,0,7,,420,14.0,2
17,7500000,3,1,1.0,0,1,,605,4.0,5
17,47500000,5,4,,2,0,2070.0,925,20.0,1
17,25000000,3,3,,1,4,,1200,20.0,1
20,22500000,7,2,3.0,0,4,,684,13.0,3
20,35000000,5,4,,2,7,2069.0,477,20.0,1
17,1300000,0,0,,0,7,,620,15.0,1
17,50000000,7,4,2.0,1,5,2076.0,1500,10.0,2
20,4000000,0,0,,0,1,,1100,12.0,3
17,25000000,7,5,4.0,1,1,2019.0,1100,13.0,3
17,16500000,0,0,2.0,0,5,2076.0,935,14.0,1
17,46000000,5,4,,2,6,2074.0,369,13.0,1
3,30000000,5,4,3.0,0,0,,474,15.0,1
3,1700000,0,0,,0,0,,282,20.0,3
17,3300000,0,0,,0,1,,185,26.24672,6
13,330000,0,0,,0,1,,598,13.0,3
17,7000000,0,0,,0,1,,188,20.0,1
17,28000000,2,4,3.0,3,4,,514,13.0,3
17,35000000,0,0,,0,1,,314,13.0,1
17,49000000,0,0,,0,4,,185,12.0,1
17,4000000,0,0,,0,4,,326,20.0,3
17,20000,2,1,3.0,2,4,2018.0,854,13.0,5
26,350000,0,0,,0,0,,531,26.0,3
17,21500000,5,5,3.0,1,0,2076.0,814,13.0,3
17,3900000,0,0,,0,0,,185,15.0,1
17,6700000,0,0,,0,7,,246,33.0,6
17,25500000,7,5,3.0,1,0,2076.0,365,20.0,3
17,4200000,0,0,,0,0,,1400,15.0,1
17,16500000,8,0,,0,1,,511,13.0,3
17,22000000,11,0,,0,7,,747,13.0,3
3,10500000,0,0,,0,4,,673,10.0,1
17,2200000,0,0,,0,7,,370,18.0,1
20,5000000,0,0,,0,1,,250,11.0,1
20,1250000,0,0,,0,7,,513,20.0,5
17,70000000,5,7,2.0,3,0,,702,14.0,1
12,1250000,0,0,,0,1,,244,20.0,1
17,39500000,5,6,3.0,5,1,2074.0,11400,20.0,1
17,1450000,0,0,,0,2,,803,19.68504,3
17,18000000,2,1,1.0,0,4,,655,12.0,1
20,4300000,0,0,0.0,0,0,,324,26.0,1
17,22000000,3,4,3.0,1,0,2018.0,627,14.0,6
4,30000,0,0,,0,0,,134,0.0,6
17,110000,0,6,3.0,1,0,,1800,22.0,1
20,40000,2,1,12.0,1,4,,912,0.0,6
17,5500000,0,0,,0,5,,386,16.0,1
17,62500000,5,6,2.0,5,0,2019.0,410,15.0,1
17,8500000,0,0,,0,5,,402,16.0,1
17,32500000,0,0,,0,4,,251,16.0,1
17,47000000,18,6,,6,4,,2800,13.0,1
17,175000,0,0,4.0,0,1,,2900,42.0,1
17,500000,0,0,1.0,0,4,,208,65.6168,5
17,11000000,0,0,,0,2,,351,20.0,1
17,22500000,0,4,,4,1,2009.0,945,12.0,3
17,11000000,0,0,,0,5,,285,40.0,1
17,13000000,0,0,,0,0,,298,50.0,1
17,45000000,6,6,3.0,2,6,,501,20.0,1
17,130000000,6,7,2.0,10,1,2017.0,1500,20.0,1
17,15000000,0,0,,0,0,,331,60.0,1
17,7500000,0,0,,0,7,,294,45.0,1
17,4000000,0,0,,0,0,,280,12.0,1
17,120000000,4,5,2.0,2,5,,926,20.0,1
17,100000,2,2,9.0,1,7,,719,0.0,6
20,45000,3,3,3.0,1,0,2076.0,410,16.0,3
17,350000,0,0,8.0,0,4,,986,98.4252,1
17,22000000,6,5,3.0,1,0,2016.0,359,14.0,3
20,17000000,3,2,2.0,3,7,2019.0,309,13.0,3
17,550000,24,0,4.0,15,0,2076.0,1100,22.0,1
17,30000000,10,8,4.0,2,4,2068.0,691,30.0,1
17,7000000,0,0,,0,7,,627,10.0,5
20,19000000,4,4,3.0,2,0,2075.0,608,13.0,3
20,18000000,0,4,4.0,0,4,2016.0,664,0.0,6
26,1550000,0,0,0.0,0,1,,852,66.0,1
17,12000000,1,1,1.0,1,3,2076.0,490,10.0,3
17,122500000,23,10,,0,7,,430,15.0,1
17,55000,4,4,,0,7,,788,15.0,3
17,1500000,0,0,,0,1,,239,12.0,3
17,1300000,0,0,,0,7,,314,4.0,5
18,815000,0,0,,0,1,,230,20.0,3
17,1350000,0,0,,0,1,,251,12.0,3
17,80000,6,2,3.0,0,4,2062.0,298,20.0,1
17,20000000,0,0,,0,4,,398,15.0,6
20,17000000,8,3,,0,4,,860,13.0,1
17,17000000,0,0,,0,0,,157,10.0,3
17,8500000,4,0,,0,4,,343,10.0,6
20,1100000,0,0,,0,4,,407,20.0,3
20,15500000,8,0,3.0,0,1,,449,20.0,3
17,2600000,0,0,,0,0,,848,20.0,1
27,60000000,0,0,,0,0,,374,20.0,1
17,24000,0,3,2.0,1,7,2052.0,719,0.0,4
12,230000,0,0,,0,0,,175,0.0,6
3,1200000,0,0,0.0,0,6,,182,20.0,5
17,5600000,0,0,,0,0,,198,15.0,1
17,44000000,5,6,3.0,1,0,2076.0,390,15.0,1
17,100000000,6,6,3.0,10,3,2071.0,895,20.0,1
17,96000000,5,7,3.0,0,5,2074.0,436,20.0,1
17,28500000,6,6,3.0,2,0,2076.0,428,20.0,1
17,22500000,0,0,,0,1,,432,16.0,1
17,41000000,17,10,,2,0,,407,15.0,1
17,30000000,11,0,4.0,2,1,2001.0,252,13.0,1
20,2500000,0,0,,0,0,,668,0.0,6
17,1200000,0,0,,0,1,,272,40.0,1
17,170000,3,4,7.0,2,0,,6500,20.0,1
17,65000000,5,6,3.0,3,0,2076.0,732,15.0,1
20,95000,4,2,4.0,4,5,,339,0.0,4
17,2300000,0,0,,0,5,,385,13.0,1
3,12000,2,1,,0,7,,617,15.0,1
17,115000000,4,4,3.0,4,2,2009.0,650,13.0,4
17,4000000,0,0,,0,5,,280,0.0,6
17,1400000,0,0,,0,6,,710,0.0,6
7,2500000,0,0,,0,1,,197,19.68504,3
20,3500000,0,0,,0,6,,617,20.0,1
17,1000000,0,0,,0,2,,369,32.0,1
20,2300000,0,0,,0,6,,289,13.0,4
27,230000,0,0,,1,5,,3600,32.0,1
17,2100000,0,0,,0,5,,472,16.0,3
17,35000000,6,4,3.0,8,7,,304,32.0,1
17,140000000,7,4,,3,0,,1000,26.0,1
3,7500000,0,0,,0,4,,1100,13.0,3
17,9500000,0,0,,0,0,,444,10.0,1
17,20000000,0,0,,0,5,,389,13.0,1
17,18000000,0,0,,0,4,,304,16.0,1
27,12000000,0,0,,0,4,,266,30.0,3
17,160000,0,4,6.0,0,0,2011.0,252,0.0,6
17,35000000,0,0,,0,1,,224,15.0,3
10,25000,0,0,,0,0,,813,13.0,1
17,150000,0,0,,0,4,,309,20.0,3
17,15000,0,0,3.0,0,3,2018.0,358,24.0,1
17,4500000,0,0,,0,7,,274,0.0,6
17,25000,1,1,,2,1,2013.0,1000,16.0,1
17,35000,0,2,,1,1,,327,0.0,6
17,5500000,0,0,,0,0,,150,16.0,1
20,17600000,2,2,,1,1,,414,13.0,6
17,18500000,0,0,,0,1,,323,13.0,3
20,25000000,0,0,3.0,0,5,,3700,12.0,3
17,33000000,5,4,4.0,1,0,2068.0,415,12.0,1
27,8000000,0,0,,0,7,,398,12.0,3
17,22000,2,2,,1,6,,550,13.0,1
17,22500000,9,4,3.0,3,4,,8600,13.0,1
17,27500000,6,3,3.0,3,7,,10000,13.0,1
20,23800000,6,3,3.0,1,5,2016.0,386,13.0,3
17,18500000,8,0,,0,7,,4600,12.0,6
17,33000000,12,0,,0,1,,2100,12.0,3
17,23000000,10,0,3.0,0,4,,4300,12.0,1
17,15500000,7,0,,0,4,,1400,12.0,3
3,8500000,0,0,,0,0,,389,26.24672,5
17,2000000,0,0,,0,5,,500,20.0,3
17,2225000,0,0,,0,1,,291,15.0,3
17,19000000,0,0,,0,0,,555,10.0,1
17,29800000,0,0,,0,7,,1300,15.0,1
17,3500000,0,0,,0,1,,2300,14.0,3
17,17000,3,3,,2,7,2019.0,371,17.0,5
20,200000,0,0,,0,1,,1200,35.0,1
18,1000000,0,0,,0,5,,239,0.0,6
17,26200000,13,0,,0,7,,304,13.0,1
17,4600000,0,0,1.0,0,1,,402,13.0,5
20,1000000,0,0,,0,1,,424,17.0,3
20,26500000,4,4,3.0,1,6,2075.0,238,16.0,3
17,200000,5,4,3.0,4,0,2059.0,1500,20.0,6
17,8500000,0,0,,0,4,,681,13.0,1
17,40000,0,2,,0,4,,161,36.08924,3
13,5500000,0,0,,0,0,2019.0,371,1.0,6
17,41000000,5,4,2.0,2,0,2073.0,2200,13.0,1
17,550000,0,0,,0,5,,626,20.0,5
20,175000,0,0,,0,7,,272,15.0,1
17,42000000,11,0,,0,7,,251,15.0,1
16,800000,0,0,,0,0,,451,20.0,5
17,15000,2,1,4.0,1,0,2015.0,408,32.0,1
30,20000000,0,0,,0,1,,420,20.0,1
17,2800000,0,0,,0,1,,218,10.0,5
3,1800000,0,0,,0,1,,241,20.0,1
3,1300000,0,0,,0,7,,309,13.0,3
17,21500000,0,0,,0,2,,195,16.0,1
17,2500000,0,0,,0,0,,298,10.0,5
17,25500000,6,4,3.0,2,0,,288,13.0,1
17,15000000,0,0,,0,0,2073.0,414,10.0,1
17,32000000,5,5,,2,0,,489,13.0,1
7,5000000,0,0,,0,1,,378,19.68504,3
20,2900000,0,0,0.0,0,5,,251,22.0,2
20,2700000,0,0,,0,4,,290,10.0,5
17,32000000,6,3,3.0,2,4,2074.0,260,30.0,5
17,15000,0,0,,0,7,,307,15.0,3
3,11500000,0,0,,0,1,,587,12.0,3
17,1500000,0,0,,0,4,,280,13.0,3
17,1200000,0,0,,0,1,,455,20.0,5
2,125000000,16,20,3.0,1,1,,637,55.0,6
17,5400000,0,0,,0,4,,256,19.68504,1
17,14000000,8,0,3.0,0,7,,911,13.0,3
17,250000,0,0,4.0,0,7,,1500,65.6168,1
7,5000000,2,1,1.0,0,4,,278,19.68504,1
20,49500000,0,0,,0,0,,11900,16.0,1
17,1700000,0,0,,0,0,,233,16.0,6
17,1100000,0,0,,0,2,,301,13.0,6
17,10000000,0,0,,0,0,,317,13.0,1
23,100000,0,0,0.0,0,1,,214,20.0,1
20,8500000,0,0,,0,3,,248,13.0,1
17,25000000,0,0,,0,1,,211,15.0,6
9,9500000,0,0,2.0,0,1,,157,15.0,5
20,80000000,5,5,,4,0,2069.0,544,20.0,1
17,17000000,5,2,3.0,1,0,2076.0,531,12.0,1
3,18000,2,1,,0,1,,376,15.0,3
17,40000,0,0,,0,7,,301,15.0,1
17,15000,1,1,,0,7,,583,15.0,3
20,10000000,2,2,1.0,1,2,,3100,13.0,1
20,30000000,9,5,4.0,3,3,2076.0,919,33.0,1
20,4500000,0,0,,0,7,,239,15.0,3
17,1200000,0,0,,0,4,,433,12.0,3
17,1300000,0,0,,0,7,,1400,10.0,5
17,1700000,0,0,,0,4,,3400,10.0,5
17,22500000,0,3,3.0,2,0,,344,13.0,4
20,5500000,0,0,,0,7,,690,15.0,2
20,7000000,0,0,,0,7,,688,15.0,1
20,5500000,0,0,,0,7,,517,13.0,2
17,22000000,11,0,2.0,0,7,,351,15.0,3
15,37000000,0,0,0.0,0,0,,151,0.0,4
17,36000000,0,0,,0,4,,255,20.0,3
17,13200000,7,0,2.0,0,1,,414,13.0,3
17,29000000,18,0,4.0,0,1,,279,32.0,3
3,80000,5,4,,0,4,,502,15.0,1
17,20500000,0,0,,0,7,,481,20.0,1
17,27000000,3,4,,1,1,2018.0,452,0.0,6
20,8000000,0,0,,0,7,,310,0.0,6
17,12000000,0,0,,0,7,,672,26.0,1
20,19500000,5,3,3.0,0,1,2076.0,1400,13.0,3
23,15000,3,1,,0,1,,265,13.0,3
17,25000,0,0,,0,1,,384,0.0,6
17,19500000,0,0,,0,1,,524,13.0,1
20,3700000,0,0,,0,0,,530,5.0,1
17,1350000,0,0,,0,1,,179,13.0,5
17,3700000,0,0,,0,7,,251,12.0,3
17,1500000,0,0,,0,7,,493,20.0,1
17,1600000,0,0,,0,0,,449,13.0,1
20,4000000,0,0,,0,1,,267,20.0,1
17,5000000,0,0,,0,4,,210,20.0,1
17,26500000,11,5,3.0,0,0,,253,13.0,1
17,25500000,11,0,3.0,0,1,,2200,13.0,1
17,29500000,5,2,3.0,1,4,2067.0,1900,15.0,1
17,23500000,0,3,3.0,2,0,2018.0,530,13.0,1
20,15000000,4,3,3.0,0,4,,998,13.0,3
20,19000000,4,3,3.0,0,5,,587,10.0,3
20,15000000,4,3,3.0,0,4,,1000,13.0,3
17,1700000,0,0,,0,5,,1900,30.0,1
20,23500000,4,3,3.0,0,4,,300,20.0,3
20,18000000,5,4,3.0,0,3,,4100,11.0,3
20,18500000,3,3,3.0,2,4,2076.0,2000,13.0,3
29,15000000,0,0,,0,1,,312,20.0,1
17,24500000,7,3,3.0,0,5,,301,10.0,3
17,33000000,0,0,3.0,3,4,,4300,8.0,3
17,6500000,0,0,,0,5,,268,20.0,6
17,6500000,0,0,,0,0,,324,20.0,6
20,6500000,0,0,,0,1,,312,20.0,6
20,5500000,0,0,,0,5,,248,13.0,6
13,19000000,0,0,2.0,0,0,,300,15.0,3
20,4800000,2,1,1.0,1,7,2018.0,859,13.0,3
17,900000,0,0,,0,0,,207,15.0,1
3,21500000,0,0,3.5,0,7,,165,15.0,3
20,26000000,0,0,,0,4,,205,12.0,1
27,26000000,13,0,,0,0,,7400,20.0,1
17,1300000,0,0,,0,4,,327,20.0,0
20,2300000,0,0,,0,4,,370,13.0,5
13,20000000,4,1,2.0,3,4,,773,20.0,1
20,19500000,4,4,2.0,1,7,2076.0,470,20.0,3
17,51000000,5,5,2.0,0,0,2011.0,240,14.0,1
20,26500000,4,4,2.0,1,0,2075.0,227,16.0,3
20,29500000,5,3,,4,0,,315,0.0,6
3,1550000,0,0,0.0,0,1,,372,26.0,5
22,200000,0,0,,0,0,,295,26.24672,1
27,15000000,0,0,,0,6,,220,30.0,1
22,650000,0,0,,0,0,,226,26.24672,4
17,1600000,0,0,,0,0,,599,12.0,3
17,1600000,0,0,,0,4,,309,10.0,3
28,1200000,0,0,,0,0,,634,12.0,3
17,15000000,2,3,3.0,1,7,2012.0,409,12.0,5
17,40000000,3,4,3.0,1,0,2075.0,267,20.0,6
17,17500000,6,2,3.0,1,0,2007.0,433,20.0,3
17,90000000,6,6,3.0,4,0,2069.0,812,15.0,1
17,13500000,4,3,3.0,0,0,2075.0,388,10.0,1
3,2000000,0,0,,0,1,,213,15.0,1
31,15000000,0,0,,0,5,,181,20.0,5
17,1500000,0,0,,0,1,,298,20.0,1
17,1500000,0,0,,0,0,,199,26.24672,1
3,1800000,0,0,,0,1,,197,15.0,1
20,11000000,3,1,1.0,0,1,,443,14.0,3
3,1400000,0,0,,0,7,,270,10.0,5
17,70000000,5,5,3.0,0,1,,383,13.0,1
17,1400000,0,0,,0,1,,163,15.0,1
27,4500000,0,0,,0,7,,655,18.0,1
17,17900000,5,5,3.0,1,0,2076.0,641,14.0,3
17,34500000,5,5,3.0,2,6,2076.0,439,15.0,1
17,27000,0,0,,0,1,,574,13.0,6
17,41000000,7,6,3.0,3,0,2012.0,1200,20.0,1
17,18500000,7,4,4.0,0,0,2014.0,299,26.0,1
17,1900000,0,0,0.0,0,6,,404,16.0,1
17,1500000,0,0,,0,0,,213,0.0,6
3,50000,0,0,3.0,1,0,2017.0,614,13.0,1
17,105000000,5,6,3.0,10,7,2074.0,833,20.0,1
3,3000000,0,0,,0,4,,284,10.0,6
17,36500000,9,10,5.0,2,4,2075.0,308,14.0,1
17,15000000,0,0,,0,4,,664,10.0,1
17,21000000,5,4,2.0,2,7,,490,13.0,3
17,38000000,0,0,,0,1,,405,14.0,1
17,600000,0,0,,0,1,,240,15.0,1
17,11000000,0,0,3.0,0,7,,273,12.0,1
17,22000,4,0,,0,7,,500,13.0,6
17,7500000,2,1,1.0,0,1,,510,12.0,3
17,17500000,7,3,3.0,0,0,,299,0.0,6
17,1350000,0,0,,0,7,,292,10.0,3
27,9000000,0,0,,0,7,,439,16.0,3
17,1700000,0,0,,0,4,,262,14.0,3
27,1400000,0,0,,0,7,,288,20.0,1
17,5000000,0,0,,0,7,,247,20.0,1
17,5200000,0,0,,0,1,,279,24.0,6
17,20000,0,0,,0,1,,390,12.0,1
27,1800000,0,0,,0,7,,232,20.0,1
17,27000000,0,0,,0,0,,466,0.0,6
20,13000000,2,1,1.0,0,0,,290,13.0,3
17,13000000,0,0,,0,1,,238,13.0,3
7,48000000,0,0,,0,2,,385,19.68504,6
17,250000,0,0,,0,7,,430,16.0,3
17,30000,2,1,,0,7,,319,10.0,6
18,1050000,0,0,,0,7,,345,15.0,3
17,8000000,7,3,,0,7,,339,10.0,6
20,48000,4,3,2.0,1,4,2019.0,445,15.0,4
17,30000,0,0,,0,0,,376,12.0,3
17,17800000,5,6,3.0,1,4,2076.0,519,12.0,1
17,4000000,0,0,,0,2,,318,18.0,1
17,21800000,5,6,3.0,1,2,2076.0,689,12.0,1
17,29000000,0,0,,0,7,,445,10.0,1
17,6000000,0,0,,0,7,,227,14.0,1
26,4500000,24,22,4.0,3,0,,633,30.0,1
17,3500000,0,0,,0,7,,274,12.0,5
17,2400000,0,0,,0,7,,267,10.0,1
17,23000000,4,3,2.0,0,4,,705,15.0,3
17,29000000,5,0,3.0,0,7,,1200,12.0,1
17,1000000,0,0,0.0,0,4,,376,14.0,5
17,70000000,3,4,2.0,4,1,,589,20.0,1
17,13000,0,0,,0,1,,1200,12.0,1
17,37500000,0,0,,0,1,,345,22.0,1
17,4500000,0,0,,0,0,,374,20.0,1
17,11500000,0,0,,0,1,,643,12.0,3
17,12500000,6,0,,0,1,,2300,13.0,3
17,2900000,0,0,,0,7,,226,12.0,1
29,350000,0,0,,0,4,,249,20.0,1
13,50000,0,2,4.0,4,0,2007.0,291,50.0,0
17,42500000,6,0,3.0,4,1,2042.0,13100,10.0,1
22,200000,0,0,0.0,0,2,,338,4.0,3
17,4200000,0,0,,0,7,,225,16.0,3
17,2400000,0,0,,0,0,,247,12.0,1
17,2300000,0,0,,0,0,,335,13.0,6
17,1200000,0,0,,0,1,,249,20.0,3
17,25000000,0,0,,0,4,,240,9.0,1
17,22000000,0,0,,0,4,,360,22.0,3
17,30000000,5,4,3.0,2,7,2075.0,462,20.0,6
20,17500000,0,0,,0,4,,430,13.0,6
17,130000,0,0,,0,1,,375,15.0,3
20,15000000,0,0,,0,4,,304,13.0,3
17,3700000,0,0,,0,7,,262,20.0,1
20,76000000,0,0,,5,5,,1200,22.0,6
20,1450000,0,0,,0,1,,396,13.0,1
20,12000000,2,1,1.0,1,0,2016.0,914,20.0,1
27,37000000,7,5,3.0,3,5,2074.0,668,20.0,3
17,800000,0,0,,0,4,,459,20.0,3
17,4000000,0,0,,0,7,,322,12.0,3
20,26000000,5,4,,0,1,,419,13.0,1
17,1400000,0,0,,0,7,,295,12.0,5
17,2200000,0,0,,0,0,,289,13.0,3
17,29800000,11,0,,0,1,,473,13.0,1
20,1800000,0,0,,0,0,,354,16.0,3
20,350000,0,0,,0,0,,610,24.0,3
17,1700000,0,0,,0,7,,402,15.0,1
3,800000,0,0,,0,4,,257,20.0,1
17,1900000,0,0,,0,1,,228,15.0,1
17,25000000,6,4,3.0,1,4,2019.0,374,12.0,3
17,32000000,0,0,,0,4,,1200,12.0,1
10,10000000,0,0,,0,7,,567,15.0,1
20,15000000,0,0,,0,7,,374,40.0,4
27,9500000,0,0,,0,7,,568,15.0,3
7,1200000,0,0,,0,5,,344,20.0,3
17,3500000,0,0,,0,5,,348,14.0,1
20,15000,2,1,,0,7,,596,15.0,1
20,1650000,0,0,,0,4,,469,10.0,5
17,11000000,0,0,,0,7,,344,10.0,5
20,16000,0,0,,0,7,,615,15.0,3
17,25000,0,0,,0,7,,764,10.0,1
17,17000000,6,3,2.0,2,5,,450,11.0,6
23,17000,3,2,,0,7,,368,15.0,1
17,35000000,0,0,2.0,2,5,,290,20.0,1
20,30000000,4,4,3.0,2,1,,680,13.0,1
17,22000000,0,0,,0,1,,275,30.0,1
17,24000000,0,0,,0,1,,1900,13.0,5
17,4000000,0,0,,0,4,,630,10.0,1
17,2750000,0,0,,0,6,,819,15.0,1
17,4000000,0,0,,0,6,,392,20.0,1
17,1900000,0,0,,0,0,,417,13.0,3
10,8500000,0,0,,0,7,,417,15.0,3
7,270000,0,0,,0,7,,306,19.68504,3
10,8000000,0,0,,0,7,,470,52.0,1
20,2500000,0,0,,0,0,,342,13.0,3
20,200000,6,3,2.0,6,4,,472,13.0,4
20,6000000,0,0,,0,0,,259,20.0,3
17,1200000,0,0,,0,7,,502,20.0,6
17,21000000,0,0,3.0,0,7,,264,15.0,6
17,1500000,0,0,,0,7,,254,15.0,5
17,22500000,0,0,2.0,0,7,,802,13.0,3
17,115000000,0,0,3.0,0,0,2069.0,627,14.0,1
17,28000000,0,0,,0,4,,289,15.0,3
20,10000000,0,0,,0,7,,272,12.0,5
20,25000000,0,0,,0,7,,188,14.0,3
27,13500000,2,1,1.0,0,1,,821,16.0,3
17,3500000,0,0,,0,7,,405,14.0,4
17,24000000,6,6,3.0,1,3,2076.0,292,15.0,1
17,24000000,6,6,3.0,1,5,2076.0,318,14.0,1
20,21000000,5,3,3.0,3,0,2014.0,384,13.0,1
20,5500000,0,0,,0,7,,302,10.0,3
20,5000000,0,0,,0,0,,354,20.0,1
17,2000000,0,0,,0,1,,310,15.0,1
17,2500000,0,0,,0,1,,270,13.0,3
20,12500000,0,0,2.0,0,0,,1800,13.0,3
17,19500,3,0,,0,7,,381,15.0,1
20,1000000,0,0,,0,7,,914,4.0,5
17,27500000,5,3,3.0,0,4,,559,26.0,3
17,24000000,0,0,3.0,0,4,,449,15.0,1
17,2000000,0,0,,0,4,,676,24.0,3
17,24000000,11,3,3.0,0,1,,282,13.0,1
17,1900000,0,0,,0,4,,396,13.0,3
20,11500000,0,0,1.0,0,0,,402,13.0,6
17,24500000,7,4,,0,7,,269,12.0,6
17,100000,0,0,,0,7,,645,13.0,1
27,600000,0,0,,0,7,,377,15.0,5
3,250000,0,0,,0,0,,499,12.0,1
20,28500000,3,5,3.0,1,6,2019.0,864,18.0,1
3,1050000,0,0,,0,0,,271,14.0,1
17,4200000,0,0,,0,2,,374,20.0,1
17,62000000,4,6,3.0,4,0,2076.0,1100,15.0,1
17,42500000,6,6,4.0,2,4,2075.0,277,15.0,1
17,24500000,5,5,3.0,1,0,2076.0,444,30.0,3
17,45000000,6,6,3.0,2,6,,1400,15.0,1
17,33000000,0,0,,3,6,,642,18.0,1
17,80000000,0,0,,0,4,,471,12.0,1
20,46500000,0,0,2.0,0,0,2070.0,484,21.0,1
17,34000000,5,0,3.0,0,4,,4200,15.0,1
17,800000,0,0,,0,7,,284,15.0,1
20,2200000,0,0,,0,4,,562,20.0,1
17,6500000,0,0,,0,0,,452,20.0,1
17,5800000,0,0,0.0,0,7,,822,20.0,1
17,21500000,4,3,3.0,1,0,,547,12.0,1
17,15900000,5,3,3.0,0,7,2075.0,403,8.0,5
17,60000,3,2,12.0,1,6,,600,0.0,1
17,110000,3,3,,0,0,,652,12.0,1
7,350000,0,0,,0,0,,350,26.24672,3
17,1650000,0,0,,0,4,,426,10.0,5
17,23500000,0,0,,0,0,,448,15.0,1
17,1000000,0,0,,0,1,,502,15.0,5
17,42000000,0,0,2.5,0,1,,318,20.0,1
3,14000000,0,0,,0,7,,589,13.0,3
17,6500000,0,0,,0,1,,291,20.0,1
17,1800000,0,0,,0,7,,240,15.0,1
17,2000000,0,0,,0,7,,228,15.0,1
17,2000000,0,0,,0,1,,199,20.0,1
20,9000000,0,0,,0,1,,185,20.0,1
17,900000,0,0,,0,1,,246,15.0,3
17,550000,0,0,,0,7,,274,15.0,1
17,2000000,0,0,,0,7,,396,12.0,3
17,8500000,2,1,1.0,0,7,,542,10.0,3
10,330000,0,0,,0,0,,523,20.0,3
17,3500000,0,0,,0,4,,412,18.0,3
28,325000,0,0,0.0,0,7,,405,20.0,3
27,175000,0,0,,0,7,,470,15.0,3
3,4100000,0,0,,0,4,,301,36.0,1
7,13500000,3,3,3.0,3,4,,459,19.68504,1
20,150000000,10,10,4.5,0,4,,3200,20.0,1
17,12500000,0,0,,0,0,,1600,13.0,5
20,18000000,4,5,3.0,1,1,2019.0,593,13.0,5
17,2700000,0,0,,0,0,,402,13.0,3
17,675000,0,0,,0,7,,561,10.0,5
17,46000000,0,0,,0,6,,899,13.0,1
20,33000000,0,0,3.0,2,1,2016.0,339,13.0,5
20,3200000,0,0,,0,0,,13100,12.0,1
17,1900000,0,0,0.0,0,6,,500,16.0,1
17,19000000,6,3,3.0,1,2,2018.0,327,0.0,6
20,175000,4,3,2.0,1,0,2046.0,541,15.0,2
3,15,0,0,,0,0,,465,8.0,1
17,30500000,4,4,3.0,2,2,2019.0,740,15.0,1
20,1250000,0,0,,0,0,,253,13.0,3
22,15000000,4,3,3.0,1,4,2018.0,439,19.68504,3
17,21000000,6,3,2.0,2,1,2072.0,288,14.0,1
20,6000000,0,0,,0,0,,193,26.0,6
20,22500000,6,3,3.0,1,0,2076.0,344,12.0,1
7,23000000,11,6,3.0,3,1,2019.0,362,20.0,1
17,33000000,3,4,3.0,1,0,2015.0,1500,20.0,1
6,300000,0,0,,0,0,,5500,12.0,1
3,3200000,0,0,,0,7,,384,13.0,1
17,2200000,0,0,,0,0,,324,15.0,5
17,55000000,10,5,,5,4,,472,15.0,3
17,2550000,0,0,,0,7,,392,13.0,3
17,40000000,5,4,2.5,0,4,,449,15.0,3
17,2600000,0,0,,0,1,,285,13.0,5
20,2350000,0,0,0.0,0,4,,422,13.0,1
17,10600000,2,1,1.0,1,4,,783,10.0,6
17,35000,0,0,,0,0,,329,0.0,6
17,38000,0,0,,0,0,,1100,20.0,6
11,1850000,0,0,0.0,0,4,,206,16.0,1
24,2000000,0,0,,0,1,,508,19.68504,3
20,19000000,4,5,3.0,1,0,2019.0,2900,15.0,3
20,1500000,0,0,,0,4,,488,12.0,6
17,2200000,0,0,,0,7,,264,14.0,6
17,55000000,0,0,3.0,2,7,,372,13.0,6
17,20000000,0,0,,0,4,,379,20.0,6
17,2250000,0,0,,0,4,,369,16.0,6
20,2600000,0,0,,0,4,,382,13.0,6
20,150000000,0,0,5.0,0,4,,810,20.0,6
10,490000,0,0,,0,7,,1000,30.0,1
3,1450000,0,0,0.0,0,4,,249,12.0,5
17,100,0,0,6.0,1,7,2017.0,455,30.0,4
17,39000000,5,2,3.0,0,4,,302,14.0,6
17,39000000,4,4,2.0,3,4,,646,13.0,6
17,4700000,0,0,,0,4,,319,12.0,6
17,110000,3,3,,0,5,,860,20.0,6
17,2800000,0,0,,0,0,,352,15.0,6
17,26000000,0,0,,0,2,,535,16.0,6
3,725000,0,0,,0,0,,332,13.0,6
20,180000,2,2,,0,0,,488,13.0,6
20,125000,6,4,3.0,2,4,2016.0,437,20.0,1
17,33000000,0,0,4.0,0,0,,360,20.0,6
17,2100000,0,0,,0,0,,354,0.0,6
20,170000,0,0,,0,0,,409,13.0,6
17,160000,7,5,3.0,5,4,,406,13.0,6
17,24500000,0,0,,0,5,,782,14.0,6
17,61500000,0,0,,0,4,,1200,15.0,6
17,70000000,4,5,3.0,0,4,,345,12.0,6
17,1000000,0,0,5.0,0,1,,296,20.0,6
20,70000000,9,4,4.0,0,6,,423,9.0,6
18,9000000,7,3,3.0,0,0,,314,24.0,6
17,130000,9,3,3.0,0,1,,455,12.0,6
3,1200000,0,0,,0,2,,433,0.0,5
17,1950000,0,0,,0,4,,286,15.0,6
17,30000,2,1,5.0,1,4,2064.0,790,20.0,1
17,35000000,5,4,3.0,5,0,2076.0,257,12.0,1
3,2200000,0,0,,0,6,,390,13.0,3
17,300000,6,3,3.0,8,0,,374,12.0,1
17,2500000,0,0,0.0,0,0,,295,10.0,3
17,25000000,6,0,,1,2,2018.0,483,16.0,3
20,16000000,0,0,0.0,1,1,,331,13.0,3
3,16000,1,1,3.0,0,0,,1000,20.0,1
0,250000,0,0,0.0,0,7,,349,10.0,5
17,10500000,2,1,1.0,1,6,2068.0,1300,12.0,3
17,12500000,3,3,3.0,0,1,2074.0,4100,10.0,3
20,22000,3,0,,0,1,,887,13.0,6
17,13500000,0,2,,0,0,,582,12.0,6
20,1250000,0,0,,0,0,,406,22.0,3
17,3000000,0,0,,0,0,,351,13.0,6
17,142500000,42,0,,0,4,,331,22.0,1
20,90000,4,2,,0,5,,366,20.0,6
17,150000,5,4,3.0,0,5,,254,15.0,6
20,1200000,0,0,,0,7,,402,20.0,1
17,250000,5,4,,0,0,,395,13.0,6
20,40000,0,0,,0,4,,497,13.0,6
20,125000,0,0,,0,5,,248,13.0,6
3,900000,0,0,,0,5,,344,16.0,1
20,100000,0,0,,0,5,,349,13.0,6
17,175000,0,0,,0,1,,256,15.0,6
20,150000,0,0,,0,4,,327,13.0,6
17,125000,6,4,3.0,0,0,,337,15.0,6
20,100000,3,3,3.0,0,5,,259,18.0,6
17,1500000,0,0,,0,0,,262,12.0,1
20,19500000,6,5,3.0,0,4,,1900,14.0,6
20,97500000,3,0,2.0,0,0,2019.0,1800,20.0,5
17,38000000,7,4,3.0,0,0,,451,14.0,6
20,125000,4,6,3.0,0,4,,734,14.0,6
17,550000,0,0,,0,7,,231,15.0,1
17,4500000,0,0,,0,5,,286,26.24672,6
17,210000,0,0,5.0,3,4,,385,20.0,6
17,29500000,4,3,3.0,0,5,,742,20.0,6
20,4500000,0,0,,0,1,,422,10.0,6
17,14000000,6,0,,0,1,,504,12.0,5
17,120000,3,3,2.0,0,0,,352,20.0,6
17,30000,5,0,,0,1,,507,15.0,1
20,185000,5,5,3.0,0,0,,343,14.0,6
17,43500000,0,0,3.0,0,7,,301,20.0,6
20,2800000,0,0,,0,4,,341,20.0,6
20,300000,17,5,3.0,0,7,,256,14.0,6
20,200000,5,4,3.0,0,5,,224,20.0,6
17,22000000,10,3,3.0,0,4,,335,20.0,6
4,1125000,0,0,0.0,0,7,,256,20.0,3
20,120000,5,3,3.0,0,5,,246,13.0,6
20,29500000,3,2,3.0,1,7,2013.0,838,18.0,1
17,45000000,5,5,,3,4,,511,12.0,5
3,22500000,12,4,4.0,0,5,,228,20.0,6
20,1600000,0,0,,0,1,,205,20.0,6
17,3000000,0,0,,0,1,,343,15.0,1
20,100000,4,3,3.0,0,0,,317,13.0,6
20,1700000,0,0,,0,1,,246,15.0,1
20,2500000,0,0,,0,4,,334,12.0,6
17,18000000,3,4,3.0,0,4,,506,13.0,6
17,34500000,9,4,4.0,0,0,,327,12.0,6
17,72500000,7,6,,0,6,,220,20.0,6
17,11500000,2,1,1.0,0,1,,537,13.0,3
17,27500000,9,7,,0,1,,926,13.0,6
17,100000,0,0,,0,0,,347,29.52756,3
17,3500000,0,0,,0,0,,444,12.0,6
4,875000,0,0,0.0,0,0,,277,40.0,3
17,31500000,4,4,,1,7,,441,20.0,6
17,170000000,0,0,,0,1,,408,20.0,6
18,1700000,0,0,,0,0,,272,14.0,6
17,7700000,0,2,2.0,1,4,,684,14.0,6
17,25000,0,0,,0,4,,237,13.0,3
27,1100000,0,0,,0,4,,341,20.0,5
17,2650000,0,0,,0,6,,385,10.0,3
17,6200000,0,0,,0,1,,295,20.0,1
17,37500000,2,3,3.0,0,1,,313,14.0,1
17,3800000,0,0,,0,4,,275,15.0,3
17,32500000,4,3,3.0,1,4,2074.0,261,26.0,4
17,80000,3,3,,5,7,2019.0,408,20.0,1
4,600000,0,0,0.0,0,0,,521,20.0,3
17,1900000,0,0,,0,5,,465,14.0,3
17,1600000,0,0,,0,4,,250,10.0,3
20,1000000,0,0,,0,1,,334,20.0,3
3,2400000,0,0,,0,4,,397,18.0,6
28,390000,0,0,0.0,0,7,,367,20.0,1
17,17500000,0,0,3.0,0,7,,574,16.0,6
17,37500000,0,0,3.0,0,4,,389,20.0,6
10,12500000,0,0,2.0,0,1,,921,15.0,1
10,380000,0,0,,0,7,,312,15.0,5
29,15000000,0,0,3.0,0,1,,323,15.0,1
17,900000,0,0,,0,4,,198,15.0,1
20,1300000,0,0,,0,4,,208,20.0,1
17,1500000,0,0,,0,1,,323,20.0,1
3,25000000,2,1,1.0,1,0,,549,13.0,3
17,18000000,0,0,3.0,0,4,,380,13.0,6
17,65000,3,3,2.0,1,1,2018.0,425,20.0,1
3,2000000,0,0,,0,0,,340,15.0,5
17,30000,0,0,,0,1,,281,0.0,6
17,25000,2,1,,4,7,,236,15.0,1
24,250000,0,0,,0,1,,541,30.0,1
20,22000,3,2,,2,7,,653,15.0,1
17,20000,2,1,,2,0,,505,15.0,3
17,4200000,0,0,,0,0,,295,20.0,1
0,350000,0,0,,0,1,,3400,20.0,5
18,15200000,11,2,3.0,2,4,2018.0,352,10.0,3
17,13800000,2,1,,0,0,,529,12.0,5
17,45000000,4,0,,2,4,2018.0,441,20.0,4
17,57500000,4,6,3.0,0,4,,635,20.0,6
20,600000,0,0,,0,4,,182,15.0,1
17,175000,4,3,2.0,3,1,,333,13.0,6
20,700000,0,0,,0,1,,244,15.0,1
17,1350000,0,0,,0,1,,262,15.0,5
17,29000000,8,4,3.0,1,7,2071.0,457,20.0,1
17,17800000,7,0,2.0,0,1,,627,15.0,3
17,29000000,5,3,2.5,0,6,,437,15.0,1
17,2400000,0,0,,0,1,,260,14.0,3
17,2100000,0,0,,0,7,,294,16.0,6
20,155000150000,0,0,2.0,0,6,2000.0,301,32.0,1
17,6750000,7,5,3.0,3,2,,14200,15.0,1
20,9000000,0,0,,0,0,,472,12.0,3
17,400000,5,4,3.0,4,6,2044.0,511,16.0,1
17,3500000,0,0,,0,0,,340,10.0,5
17,45000000,0,0,4.0,0,0,2025.0,227,29.52756,1
17,2500000,0,0,,0,1,,242,15.0,1
17,4100000,0,0,,0,7,,287,15.0,5
17,51000000,0,0,3.0,0,4,,464,15.0,1
14,6700000,0,0,,0,0,,396,33.0,1
17,550000,0,0,,0,0,,393,29.52756,1
17,29000000,0,0,3.0,0,2,2076.0,1300,20.0,3
17,99000003300000,0,0,,0,0,,271,12.0,1
3,1900000,0,0,,0,0,,457,13.0,3
3,75000000,0,0,5.0,0,4,2075.0,572,20.0,1
17,26500000,0,0,3.0,0,0,,439,12.0,6
27,36500000,0,0,3.0,0,0,2074.0,509,20.0,3
17,41000000,0,0,3.0,0,0,2075.0,457,12.0,1
20,40000000,0,0,,0,0,,383,13.0,3
27,5600000,0,0,,0,0,,1200,14.0,5
20,40000,0,0,,0,4,,631,20.0,1
17,30000000,0,0,3.0,0,0,,508,12.0,6
17,14200000,4,2,2.0,0,7,,430,13.0,6
17,5500000,0,0,,0,7,,264,13.0,6
3,1700000,0,0,,0,4,,288,15.0,5
20,75,0,0,6.0,0,6,2076.0,348,12.0,3
20,3200000,0,0,,0,1,,181,15.0,1
17,17500000,0,0,3.0,0,2,,1200,13.0,6
27,7500000750000,0,0,1.0,0,5,,290,12.0,5
17,20000000,0,0,2.0,0,4,,523,13.0,1
17,2000000,0,0,,0,5,,328,13.0,6
17,3800000,0,0,,0,0,,518,13.0,3
17,20000,0,1,,2,3,,376,36.0,6
17,1800000020,0,0,4.0,0,2,2073.0,258,10.0,4
17,3000000,0,0,,0,5,,297,9.0,1
17,15000000,2,1,1.0,0,4,,514,11.0,6
17,25000000,6,3,,0,1,,483,11.0,1
17,70000000,13,0,4.5,0,5,,508,14.0,3
17,16500000,6,3,3.0,0,4,,468,10.0,1
17,53000000,6,4,3.0,3,7,,313,15.0,1
17,3200000,0,0,,0,1,,363,13.0,4
17,5500000,0,0,,0,1,,406,20.0,1
17,3200000,0,0,,0,5,,220,15.0,5
17,2550000,0,0,,0,1,,276,15.0,5
3,1350000,0,0,,0,7,,260,13.0,5
17,3200000,0,0,,0,7,,290,19.68504,2
17,43000000,6,5,3.0,3,5,2074.0,403,12.0,3
3,21500000,9,1,3.0,1,7,2076.0,633,20.0,6
17,250000000,0,0,,0,0,,486,20.0,1
29,6400000,3,1,1.0,0,1,,905,15.0,5
17,4300000,0,0,,0,4,,399,14.0,1
17,24500000,4,3,2.0,2,0,2073.0,556,13.12336,5
17,80000000,18,6,4.0,0,0,2060.0,346,29.52756,5
20,3600000,0,0,,0,4,,511,12.0,6
7,3800000,0,0,,0,7,,595,29.52756,1
17,3600000,0,0,,0,1,,643,10.0,3
7,9000000,0,0,,0,0,,267,20.0,6
7,23000000,15,6,3.0,10,1,2075.0,363,20.0,1
17,33500000,0,0,3.0,1,0,,1000,20.0,1
17,32000000,9,4,,0,0,,342,10.0,1
17,14000000,0,0,3.0,1,0,,444,10.0,6
17,35000000,10,3,3.0,0,1,,265,16.0,1
20,25500000,4,4,2.5,0,3,,755,14.0,3
20,24000000,12,4,3.0,4,5,,303,0.0,6
27,850000017,0,0,,0,0,,382,20.0,6
17,18700000,1,1,3.0,1,0,,412,7.0,6
17,19500,0,0,,0,0,,646,0.0,6
17,1600000,0,0,,0,0,,257,20.0,3
20,16500000,5,3,3.0,0,4,,635,13.0,1
17,190000150000,0,0,7.0,3,7,1994.0,352,20.0,1
17,750000,0,0,,0,7,,375,13.0,5
20,1250000,0,0,,0,1,,300,20.0,6
17,25000000,0,0,4.0,0,7,,323,13.0,6
17,31800000,10,0,3.0,0,0,,473,14.0,1
17,2500000,0,0,,0,4,,346,15.0,5
17,27500000,0,0,,0,1,,351,13.0,3
17,84000002100000,0,0,,0,0,,208,10.0,3
20,78000001300000,0,0,,0,0,,414,20.0,6
17,26000000,0,0,3.0,0,7,,309,15.0,1
17,800000,0,0,,0,7,,216,15.0,1
17,9500000,4,0,,0,4,,595,15.0,5
17,15000000,0,0,,0,7,,329,13.0,1
17,43000,4,3,,0,7,,399,15.0,1
17,150000000,0,0,3.5,0,1,2065.0,372,20.0,6
17,42500000,5,4,,0,6,,2900,20.0,6
20,30000,0,0,,0,1,,885,15.0,1
3,1675000,0,0,,0,0,,306,31.0,6
17,6000000,0,0,,0,7,,214,15.0,1
17,60000000,0,0,3.0,3,0,,242,13.0,6
17,40000000,0,0,2.5,0,7,,354,20.0,4
17,29500000,0,0,,0,0,,430,0.0,6
17,19000000,3,2,2.0,0,6,,1100,24.0,1
17,7500000,0,0,,0,0,,282,18.0,3
17,32500000,4,3,,0,3,,335,16.0,3
20,44500000,5,5,3.0,0,1,,641,16.0,3
17,32000000,5,4,3.0,0,4,,301,15.0,3
17,28500000,5,0,3.0,0,2,,1500,12.0,3
17,26000000,5,3,3.0,0,0,,3400,12.0,1
17,2800000,0,0,,0,7,,276,15.0,5
17,9500000,4,2,2.0,0,7,,460,15.0,5
17,400000,0,0,,0,0,,341,0.0,6
17,25000000,6,4,3.0,0,1,,636,13.0,1
17,17500000,5,2,3.0,0,4,,344,16.0,1
17,100000,1,1,4.0,1,7,2070.0,458,16.0,6
20,19900,2,1,,1,0,,586,20.0,1
20,2200000,0,1,4.0,10,0,,195,14.0,4
17,40000000,0,0,,0,4,,413,16.0,1
17,1800000,0,0,,0,1,,211,13.0,1
17,6500000,3,1,1.0,0,7,,608,10.0,5
17,850000,0,0,,0,4,,639,13.0,5
17,1350000,0,0,,0,0,,230,14.0,6
17,12500000,3,1,1.0,1,2,2074.0,496,13.0,3
17,14999,2,1,3.0,3,7,2075.0,459,8.0,5
17,130000004000000,2,1,1.0,1,4,2071.0,350,10.0,5
17,6000000,0,0,,0,0,,4000,13.0,6
17,70000000,7,5,3.0,8,0,2059.0,828,12.0,1
7,3800000,0,0,,0,7,,493,29.52756,1
3,1700000,0,0,,0,1,,232,13.0,1
20,14200000,2,1,1.0,4,0,2074.0,531,20.0,3
17,1300000,0,0,,0,4,,194,15.0,1
17,1000000,0,0,,0,1,,174,13.0,1
17,2500000,0,0,,0,0,,1400,20.0,3
17,2800000,0,0,,0,2,,282,13.0,4
20,2500000,0,0,2.0,0,4,,258,72.17848,5
20,1400000,0,0,,0,4,,283,23.0,6
17,55000000,0,0,3.0,0,0,,307,13.0,6
17,216000002700000,0,0,,0,0,,405,12.0,4
17,30000000,0,0,3.0,0,5,,550,10.0,6
17,12800000,2,1,1.0,2,7,2075.0,630,12.0,3
17,25000000,0,0,3.0,0,7,,420,13.0,6
17,12500000,0,0,1.0,1,0,,517,10.0,6
17,4500000,0,0,,0,3,,197,15.0,6
17,23000000,0,0,3.0,0,4,,2300,12.0,6
17,15000000,0,0,,0,5,,354,20.0,6
17,1600000,0,0,,0,4,,346,20.0,6
17,25000000,0,0,,1,5,,520,13.0,6
27,2300000,0,0,,0,4,,515,15.0,1
27,2000000025,9,10,3.0,3,1,2074.0,439,20.0,3
17,4500000,0,0,,0,7,,310,16.0,6
17,39000000,9,4,5.0,0,0,,295,36.08924,6
3,140000003500000,0,0,,0,4,2076.0,515,13.0,3
7,1300000,0,0,,0,1,,780,10.0,5
17,950000,0,0,,0,7,,261,32.0,5
17,1650000,0,0,,0,1,,435,20.0,5
20,20500000,0,0,3.0,0,4,,694,10.0,3
17,2100000,0,0,,0,1,,281,13.0,5
17,2100000,0,0,,0,4,,382,13.0,3
17,27500000,10,3,3.0,2,4,2076.0,1300,13.0,1
17,1650000,0,0,,0,4,,219,13.0,5
17,22835000,4,3,,0,7,,819,20.0,6
17,16500000,9,3,3.0,0,6,,614,10.0,3
17,2100000,0,0,,0,1,,328,13.0,5
17,1600000,0,0,,0,1,,261,12.0,3
20,600000,0,0,,0,5,,288,15.0,5
17,32000000,5,4,3.0,2,5,2076.0,4000,13.0,1
27,2500000,0,0,,0,1,,390,0.0,6
27,650000,0,0,,0,1,,329,0.0,6
27,12000000,0,0,,0,2,,453,20.0,3
16,1500000015,0,0,,0,0,,438,20.0,5
20,42000000,6,5,4.0,5,6,2068.0,303,0.0,1
20,50000,3,2,2.0,4,0,2015.0,644,25.0,1
17,66000000,0,0,3.0,0,0,,387,40.0,1
20,1850000,0,0,,0,4,,300,20.0,5
22,600000,0,0,,0,0,,382,11.48294,6
17,1200000,0,0,,0,2,,1300,20.0,6
17,17000000,4,3,3.0,0,0,,553,13.0,1
17,3500000,0,0,,0,5,,271,20.0,6
17,13000000,3,3,2.0,0,4,,427,13.0,1
3,1500000,0,0,,0,4,,263,20.0,1
17,700000,10,10,,30,0,,706,26.24672,6
17,225000,4,4,4.0,0,7,,290,13.0,6
3,1100000,0,0,,0,7,,214,15.0,1
3,19500000,10,0,4.0,0,0,,479,20.0,5
17,2900000,0,0,,0,4,,286,10.0,3
17,4500000,0,0,,0,7,,274,16.0,1
17,1600000,0,0,,0,4,,183,15.0,5
3,1000000,0,0,,0,2,,344,12.0,5
17,1100000,0,0,,0,1,,256,8.0,5
17,55000000,2,3,,0,2,,586,0.0,6
20,2250000,0,0,,0,4,,280,13.0,5
17,22500000,3,4,,0,2,,1300,20.0,6
17,30000000,3,3,,0,5,,727,36.08924,6
17,20000000,3,3,,0,0,,596,0.0,6
17,6500000,0,0,,0,1,,262,20.0,1
17,6700000,0,0,,0,6,,291,12.0,6
17,1000000,0,0,,0,7,,393,20.0,6
17,2500000,0,0,,0,6,,229,13.0,6
20,2600000,0,0,,0,4,,344,26.0,6
20,250000,0,0,,0,0,,396,20.0,6
20,2600000,0,0,,0,1,,509,13.0,5
17,400000,0,0,,0,5,,499,13.0,6
20,600000,0,0,,0,0,,318,20.0,6
17,65000000,5,6,,0,3,,2000,13.0,6
17,28000000,6,4,,0,4,,303,13.0,6
17,500000,0,0,,0,1,,360,13.0,1
17,23000000,4,3,3.0,0,4,,441,20.0,6
20,35000000,5,4,3.0,0,4,,705,20.0,6
20,70000000,5,5,3.0,4,6,,1100,13.0,6
17,23500000,3,3,2.0,0,0,,2600,20.0,6
17,80000000,6,7,,4,5,,814,13.0,6
20,22500000,7,4,3.0,0,6,,280,13.0,6
20,60000000,5,5,3.0,0,4,,372,20.0,6
27,170000000,5,8,,0,0,,1700,26.24672,6
17,2500000,0,0,,0,5,,229,0.0,6
17,22700000,5,2,3.0,0,7,,274,12.0,3
17,19800000,9,0,3.0,0,5,,316,12.0,3
17,33500000,7,3,3.0,0,0,,353,14.0,5
17,850000,0,0,,0,1,,166,0.0,6
17,2500000,0,0,,0,1,,213,0.0,6
17,52500000,0,0,3.0,0,7,,408,0.0,6
17,630000,0,0,,0,5,,219,0.0,6
20,15100000,0,0,2.0,0,1,,551,0.0,6
17,25000000,6,4,3.0,3,7,,305,13.0,5
17,17000000,4,4,3.0,0,1,,802,0.0,6
20,1700000,0,0,,0,4,,190,0.0,6
17,3500000,0,0,,0,4,,288,0.0,6
17,25500000,5,2,3.0,2,1,,1100,0.0,6
20,600000,0,0,,0,6,,213,0.0,6
17,22500000,0,0,3.0,0,1,,449,0.0,6
17,34500000,10,0,3.0,0,4,,266,19.68504,6
17,2000000,0,0,,0,1,,207,0.0,6
17,750000,0,0,,0,1,,236,0.0,6
17,300000,0,0,,0,0,,169,0.0,6
17,550000,0,0,,0,0,,189,0.0,6
17,4500000,0,0,,0,1,,224,12.0,6
17,2100000,0,0,,0,3,,266,22.0,6
17,90,0,0,1.0,0,1,,369,42.0,1
3,2500000,0,0,,0,1,,247,20.0,6
17,4000000,0,0,,0,4,,221,20.0,6
7,143750001250000,0,0,,0,0,,232,10.0,5
17,450000,0,0,,0,0,,207,0.0,6
17,1200000,0,0,,0,4,,240,0.0,6
17,400000,0,0,,0,0,,193,0.0,6
17,750000,0,0,,0,1,,228,0.0,6
17,50000,3,2,,0,7,,703,0.0,6
17,3500000,0,0,,0,1,,198,0.0,6
20,1500000,0,0,,0,7,,220,0.0,6
17,1300000,0,0,,0,2,,189,0.0,6
17,600000,0,0,,0,4,,190,0.0,6
20,600000,0,0,,0,5,,169,0.0,6
17,650000,0,0,,0,4,,239,0.0,6
17,1600000,0,0,,0,1,,207,0.0,6
17,450000,0,0,,0,1,,198,0.0,6
17,450000,0,0,,0,5,,236,0.0,6
17,500000,0,0,,0,5,,203,0.0,6
17,52500000,5,4,3.0,4,4,,3900,13.0,3
20,1700000,0,0,,0,6,,294,20.0,6
17,2100000,0,0,,0,5,,322,20.0,6
17,6000000,0,0,,0,4,,317,0.0,6
20,5860000,0,0,,0,6,,512,26.24672,3
27,1500000,0,0,,0,0,,266,20.0,6
17,9000,0,0,,0,1,,1800,0.0,6
17,60000,2,1,,0,4,,386,0.0,6
17,150000,0,0,,0,5,,296,0.0,6
20,40000,2,2,,0,4,,438,0.0,6
17,40000,3,1,,0,6,,628,0.0,6
17,3400000,0,0,,0,1,,263,20.0,6
7,605000055,0,0,,0,4,,1000,14.0,6
17,20500000,7,5,,0,5,,389,14.0,3
17,5700000,0,0,,0,0,,271,24.0,6
20,39077000,4,4,3.0,1,4,2076.0,5000,16.0,2
20,37500000,6,5,4.0,0,6,,719,13.0,6
20,25000,2,1,,0,1,,437,13.0,3
17,31000000,8,3,4.0,1,6,,385,14.0,3
20,27000000,5,3,3.0,0,7,,418,22.0,1
20,22000,2,1,1.0,0,5,,341,13.0,5
20,21500000,0,0,3.0,0,6,,854,10.0,6
3,25500000,0,0,4.0,0,6,,333,10.0,6
17,45000,4,4,,0,2,,551,19.68504,6
17,85000,3,3,,1,5,,434,12.0,6
20,300000,4,4,3.0,3,5,,356,15.0,6
17,380000,11,4,3.0,4,5,,406,12.0,6
20,250000,5,3,3.0,4,4,,403,15.0,6
17,60000,4,4,3.0,0,4,,293,15.0,6
17,140000,5,4,,4,5,,310,13.0,6
20,150000,5,3,3.0,3,4,,315,15.0,6
17,2400000,0,0,,0,0,,348,20.0,3
20,40000000,4,2,3.0,2,0,,385,20.0,6
17,3300000,0,0,,0,6,,302,10.0,2
17,20000000,0,0,3.0,0,0,,592,12.0,3
20,325000,7,5,3.0,5,5,,273,13.0,6
17,32500000,0,0,3.0,0,0,,697,13.0,3
17,100000,5,2,,0,5,,517,15.0,6
20,70000,6,4,3.0,0,0,,305,13.0,6
17,45000000,0,0,3.0,0,0,,480,20.0,3
20,100000,0,0,,0,4,,330,13.0,6
17,21500000,4,3,3.0,0,7,,295,13.12336,1
17,1200000,0,0,,0,5,,481,13.0,5
20,125000,4,3,,2,5,,335,13.0,6
17,600000,0,0,,0,5,,366,20.0,5
20,150000,3,4,2.0,0,6,,326,0.0,6
13,2200000,0,0,,0,1,,305,20.0,3
20,55000,5,2,,0,6,,300,13.0,6
17,3300000,0,0,,0,4,,299,20.0,5
17,150000,5,5,3.0,0,5,,466,15.0,6
20,1500000,0,0,,0,5,,314,20.0,3
17,70000000,0,0,3.0,5,4,,298,20.0,1
20,200000,5,5,,0,5,,268,15.0,6
17,47500000,0,0,,4,7,,258,16.0,3
20,3500000,0,0,,0,1,,461,13.0,1
20,550000,6,6,,10,6,,448,20.0,6
20,150000,5,4,3.0,2,5,,817,13.0,6
20,180000,0,0,,0,4,,290,15.0,6
20,125000,7,4,3.0,0,7,,423,13.0,6
17,350000,8,4,,5,6,,371,13.0,6
27,12500000,0,0,,0,1,,335,19.68504,1
17,25000000,3,3,,0,5,,710,0.0,6
17,45000000,4,4,,0,2,,416,0.0,6
17,45000000,4,4,,0,2,,602,0.0,6
17,35000000,3,3,,0,5,,591,0.0,6
17,400000,0,0,,0,4,,392,20.0,5
17,3700000,0,0,,0,4,,235,18.0,6
17,11400000,0,0,1.0,0,4,,377,13.0,3
17,11400000,0,0,3.0,0,4,,560,10.0,5
17,4000000,0,0,,0,5,,253,13.0,6
17,1750000,0,0,,0,4,,294,32.0,5
17,4800000,0,0,,0,0,,399,15.0,6
17,12000000,4,0,1.0,0,0,,623,12.0,5
3,366666,0,0,,0,4,,288,13.0,5
17,180000000,0,0,3.0,0,5,,4100,13.0,6
17,1500000,0,0,,0,0,,353,20.0,6
17,2700000,0,0,,0,4,,215,12.0,5
3,1050000,0,0,,0,5,,289,20.0,5
20,14500000,10,0,3.0,4,0,,383,10.0,6
17,36500000,3,4,,0,2,,608,13.0,6
17,220000,2,3,,0,2,,653,0.0,6
17,1300000,0,0,,0,4,,370,8.0,5
17,2000000,0,0,,0,5,,252,16.0,1
17,1400000,0,0,,0,0,,222,10.0,5
27,700000,0,0,,0,5,,329,15.0,6
17,24000000,7,0,3.0,4,4,,312,16.0,5
27,15000000,0,0,,0,1,,262,20.0,6
17,20400000,11,0,3.0,4,4,,299,20.0,1
27,27000000,0,0,2.0,0,5,,973,20.0,6
27,30000000,0,0,3.0,0,2,,458,20.0,6
27,18000000,0,0,,0,5,,438,20.0,6
27,35000000,0,0,4.0,0,3,,439,15.0,6
27,600000,0,0,,0,4,,404,20.0,6
27,16300000,0,0,,0,5,,404,20.0,6
27,1150000,0,0,,0,0,,543,20.0,6
27,6500000,0,0,,0,5,,350,12.0,6
17,700000,0,0,,0,4,,358,32.0,5
20,1400000,0,0,,0,1,,348,13.0,6
17,35700000,0,0,,0,7,,365,12.0,6
20,250000,0,0,,0,4,,651,12.0,5
17,1100000,0,0,,0,4,,401,20.0,5
17,16000000,7,6,5.0,4,5,,317,14.0,3
17,2700000,0,0,,0,4,,207,20.0,5
20,9000000,4,1,1.0,0,7,,535,10.0,5
17,13000000,2,1,,0,7,,300,15.0,5
17,1800000,0,0,,0,7,,313,26.0,5
16,900000,0,0,,0,4,,218,20.0,6
17,1600000,0,0,,0,7,,233,26.0,5
27,25000000,0,0,,0,5,,634,20.0,3
17,45000,3,4,3.0,0,0,,523,20.0,6
3,1800000,0,0,,0,4,,217,20.0,6
17,19500000,3,3,3.0,1,5,2075.0,1600,12.0,4
17,17000000,4,3,3.0,4,0,,1500,13.0,1
20,90000,4,3,2.0,0,5,,309,15.0,6
20,350000,5,5,3.0,15,6,,379,13.0,6
17,100000,6,4,3.0,8,4,,369,13.0,6
17,150000,4,4,3.0,2,5,,2600,14.0,6
17,500000,5,7,3.0,2,5,,301,15.0,6
17,38000000,10,0,,3,4,,377,10.0,6
20,130000,5,3,3.0,0,5,,277,13.12336,6
20,300000,8,6,,5,7,,382,0.0,6
17,110000,4,4,3.0,3,4,,250,12.0,6
20,1500000,4,4,3.0,5,2,,424,12.0,6
17,25000,0,0,,0,0,,466,0.0,6
17,165000,8,2,,2,5,,363,13.0,6
17,20000000,1,1,3.0,1,7,2075.0,499,13.0,6
20,25000000,3,3,2.0,1,6,,15000,0.0,6
20,120000,5,3,,2,7,,411,20.0,6
9,400000,0,0,,0,4,,303,15.0,6
24,100000,0,0,,0,7,,484,20.0,6
24,550000,0,0,,0,7,,583,20.0,6
20,150000,5,3,,2,5,,325,13.0,6
17,150000,7,3,,4,5,,317,13.0,6
24,1000000,0,0,,0,4,,244,20.0,6
20,160000,4,6,3.0,1,7,,254,15.0,6
24,550000,0,0,,0,7,,260,13.0,6
24,300000,0,0,,0,7,,461,20.0,6
24,1300000,0,0,,0,7,,276,20.0,3
24,260000,0,0,,0,7,,360,20.0,3
17,270000,14,6,,6,2,,602,20.0,6
6,25000000,10,4,3.0,0,0,,1600,20.0,3
20,144000,3,4,,1,5,,545,15.0,6
24,125000,0,0,,0,7,,265,20.0,3
24,2200000,0,0,,0,7,,406,20.0,5
24,1700000,0,0,,0,7,,289,20.0,3
20,80000,5,4,3.0,0,6,,357,13.0,6
17,125000,0,5,3.0,3,4,,349,13.0,6
17,200000,7,5,,3,6,,482,13.0,6
20,300000,4,4,,5,5,,322,15.0,6
20,125000,21,18,3.0,2,0,,325,12.0,6
17,560000,0,0,,12,1,,322,0.0,6
17,17500000,6,2,3.0,1,1,,390,12.0,6
17,4400000,0,0,,0,4,,243,12.0,6
17,25000000,4,3,3.0,0,0,,351,13.0,6
17,59900000,5,0,3.0,4,1,,586,26.0,3
17,29900000,10,0,3.0,3,0,,405,0.0,6
17,4200000,0,0,,0,5,,395,13.0,5
17,55000000,0,0,2.0,0,0,,716,24.0,3
17,26500000,4,0,3.0,0,7,,455,13.0,3
17,32500000,8,6,3.0,4,4,,571,13.0,3
17,6000000,0,0,,0,7,,317,10.0,3
17,4500000,0,0,,0,4,,354,26.0,3
17,21500000,7,4,4.0,1,6,,270,14.0,3
17,5000000,0,0,,0,1,,366,12.0,6
17,5000000,0,0,,0,1,,367,12.0,6
17,2800000,0,0,,0,1,,272,13.0,5
17,38000000,8,4,4.0,1,3,,557,15.0,6
17,2500000,0,0,,0,7,,229,12.0,5
17,25000000,7,3,4.0,1,1,,273,12.0,6
17,3200000,0,0,,0,1,,197,10.0,5
17,2400000,0,0,,0,7,,272,11.0,6
17,24000000,15,5,4.0,0,1,,442,20.0,6
17,3200000,0,0,,0,7,,1100,14.0,3
17,4200000,0,0,,0,1,,241,13.0,3
17,480000,0,0,,0,7,,335,15.0,6
17,17000000,8,4,4.0,0,7,,243,20.0,3
17,3000000,0,0,,0,0,,308,15.0,3
17,3250000,0,0,,0,7,,270,12.0,3
17,3700000,0,0,,0,5,,307,10.0,3
17,26000000,5,3,3.0,2,1,,241,16.0,6
17,29000000,6,3,,0,4,,435,14.0,6
17,13500000,3,2,3.0,1,6,,740,12.0,6
17,22800000,6,2,3.0,0,0,,446,20.0,6
17,26000000,3,3,3.0,0,0,,314,12.0,6
17,6000000,0,0,,0,4,,247,15.0,6
17,27500000,6,4,4.0,0,4,,582,12.0,6
17,22500000,4,3,3.0,0,0,,272,12.0,6
17,400000,4,5,3.0,10,5,,799,13.0,6
17,15500000,7,2,,0,7,,548,13.0,6
17,30000000,5,0,3.0,0,7,,455,15.0,6
17,51500000,6,3,3.0,0,2,,2600,12.0,6
17,15000000,11,0,3.0,0,7,,602,20.0,6
17,45000000,11,0,3.0,0,4,,680,14.0,6
17,33000000,11,0,3.0,0,0,,347,15.0,6
17,40000000,12,0,4.0,4,0,,340,13.0,6
17,18200000,9,0,3.0,3,4,,355,13.0,6
17,19200000,5,4,3.0,3,0,,388,13.0,6
17,17700000,12,0,4.0,0,0,,425,13.0,6
17,17000000,7,0,,0,0,,413,13.0,6
17,29800000,10,0,3.0,3,7,,449,13.0,6
17,21000000,9,0,3.0,0,3,,495,13.0,6
17,34000000,6,3,3.0,4,5,,265,13.0,6
17,1450000,0,0,,0,0,,217,20.0,6
17,40000000,6,4,3.0,4,5,,324,14.0,6
17,2150000,0,0,,0,7,,221,12.0,6
17,19900000,3,3,,0,6,,327,12.0,6
17,16800000,10,0,3.0,0,6,,565,13.0,6
17,100000,5,3,3.0,4,0,,332,12.0,6
7,9000,1,1,3.0,1,1,2075.0,680,19.68504,6
17,63000000,9,4,4.0,4,4,,369,13.0,6
17,100,0,0,3.0,0,0,,400,20.0,6
20,12500000,3,2,3.0,3,4,,589,10.0,6
17,14200000,5,2,2.0,3,3,,486,13.0,6
20,20000000,5,4,3.0,3,1,,468,16.0,6
17,19500000,5,3,3.0,2,0,,599,13.0,6
17,21000000,4,2,2.0,2,4,,1100,18.0,6
17,100000000,5,2,3.0,4,7,,720,20.0,6
17,22500000,6,4,4.0,3,1,,279,10.0,6
17,37000000,5,4,3.0,4,6,,266,12.0,6
17,19000000,4,3,3.0,4,0,,583,20.0,6
17,45000000,5,5,3.0,4,0,,286,12.0,6
17,16500000,6,3,3.0,3,4,,328,12.0,6
17,88000000,0,0,3.0,0,7,,245,20.0,6
17,29000000,10,6,5.0,4,7,,277,10.0,6
17,7500000,0,0,,0,0,,311,20.0,6
17,55000000,0,0,4.0,0,1,,327,20.0,6
17,36000000,6,4,3.5,3,5,,247,13.0,6
17,24000000,10,6,3.0,4,0,,808,13.0,6
17,12000000,4,1,1.0,2,0,,452,13.0,6
17,8500000,0,0,,0,7,,231,20.0,6
17,45000000,12,4,4.0,5,1,,257,0.0,6
17,15000000,3,3,3.0,2,4,,260,10.0,6
17,1000000,0,0,,0,6,,275,26.0,6
17,500000,0,0,,0,0,,226,20.0,6
17,20000000,4,2,3.0,0,0,,331,13.0,6
20,16000000,4,4,3.0,2,5,2075.0,1900,13.0,6
17,37500000,4,4,6.0,4,0,,316,12.0,6
17,20000000,0,0,,0,0,,267,26.0,6
17,31000000,9,9,4.0,3,1,,298,9.0,6
17,20500000,5,4,3.0,3,4,,356,16.0,6
17,26000000,4,5,3.0,3,0,,247,12.0,6
17,120000,2,2,3.0,2,6,,323,16.0,6
20,7500000,2,2,1.0,2,7,,864,24.0,6
17,100000,2,2,1.0,2,7,,356,20.0,6
17,17500000,3,3,3.0,2,4,,737,20.0,6
17,5500000,0,0,,0,4,,6100,19.68504,6
17,110000,2,2,3.0,2,2,,375,13.0,6
20,25000000,4,3,3.0,1,4,2072.0,5900,13.0,6
17,28500000,3,3,2.0,1,6,2073.0,6500,18.0,6
17,50000,0,0,,0,0,,419,0.0,6
17,40000,0,0,,0,0,,518,0.0,6
20,250000,0,0,,0,0,,325,20.0,6
17,3000000,0,0,,0,4,,4900,35.0,1
20,2400000,0,0,,0,5,,520,16.0,6
17,3500000,0,0,,0,0,,425,16.0,6
20,14500000,4,3,2.0,1,5,,768,13.0,6
17,27500000,6,4,3.0,1,5,,375,13.0,6
17,2600000,0,0,,0,0,,302,13.0,6
20,60000,6,2,2.0,0,0,,351,18.0,6
17,120000,3,2,10.0,0,0,,394,20.0,6
17,150000,2,2,4.0,0,5,,371,15.0,6
17,55000000,2,3,,0,2,,565,20.0,6
20,40000,2,1,,0,0,,554,15.0,6
20,16500000,3,2,10.0,0,0,,619,20.0,6
17,30000000,0,3,5.0,0,7,,524,32.0,6
17,125000,5,2,2.0,5,0,2076.0,1800,13.0,6
20,250000,5,3,3.0,2,0,2075.0,12700,20.0,6
17,65000000,5,6,3.0,0,3,,607,13.0,6
17,235000000,10,10,,0,0,,561,16.0,6
17,4500000,0,0,,0,5,,317,20.0,6
17,47500000,10,6,,0,0,,392,36.08924,6
20,950000,0,0,,0,4,,360,24.0,6
17,35000000,10,4,3.0,0,7,,383,20.0,6
20,2000000,0,0,,0,7,,9300,14.0,6
17,2500000,0,0,,0,4,,308,14.0,6
20,300000,14,5,3.0,0,1,,423,13.0,6
17,60000,0,0,,0,5,,437,20.0,6
20,60000,3,3,3.0,0,1,,550,16.0,6
20,55000,3,2,,0,1,,598,20.0,6
17,20000000,5,3,3.0,0,1,,383,20.0,6
17,25000000,3,4,4.0,0,5,,839,13.0,6
17,49500000,7,7,3.0,0,4,,695,10.0,6
20,300000,0,0,,0,5,,703,20.0,6
17,18000000,4,4,2.0,0,5,,783,20.0,6
17,6000000,0,0,,0,4,,488,20.0,6
20,2650000,0,0,,0,1,,362,13.0,6
17,43500000,6,0,3.0,0,7,,375,20.0,6
3,35000000,14,4,3.0,0,0,,360,14.0,6
17,60000000,0,0,3.0,0,0,,594,13.0,6
17,4200000,0,0,,0,7,,476,20.0,6
17,13000000,4,2,,0,4,,623,16.0,6
17,2700000,0,0,,0,2,,299,13.0,6
17,2100000,0,0,,0,2,,302,22.0,6
17,38000000,7,4,3.0,4,0,,407,14.0,6
17,3700000,0,0,,0,2,,502,16.0,6
20,2800000,0,0,,0,4,,329,20.0,6
17,70000000,3,4,2.0,4,3,,291,20.0,6
20,251000000,0,0,,0,2,,282,16.0,6
17,41500000,8,7,3.0,0,0,,654,14.0,6
3,22500000,12,4,,0,4,,291,20.0,6
17,5500000,0,0,,0,5,,281,20.0,6
17,40100000,5,2,2.0,0,0,,622,14.0,6
17,1800000,0,0,,0,5,,371,16.0,6
17,975000,0,0,2.0,0,7,,266,20.0,6
17,65000000,23,16,7.0,4,7,,390,12.0,6
17,13000000,0,0,,0,1,,411,17.0,6
17,13500000,0,0,,0,2,,245,20.0,6
17,13000000,0,0,,0,5,,247,20.0,6
17,150000,4,3,3.0,3,7,,261,13.0,6
17,2500000,0,0,,0,2,,744,12.0,6
17,16500000,5,3,3.0,1,1,2073.0,7400,10.0,6
17,2700000,0,0,,0,4,,318,12.0,6
17,4800000,0,0,,0,5,,328,12.0,6
17,1850000,0,0,,0,2,,498,15.0,6
20,6800000,0,0,,0,0,,685,15.0,6
17,95000,2,2,,0,1,,447,20.0,6
17,1750000,0,0,,0,5,,384,20.0,6
17,55000000,0,0,2.0,0,7,,484,20.0,6
17,6000000,0,0,,0,5,,441,12.0,6
17,270000,0,0,,0,5,,272,20.0,6
17,1600000,0,0,,0,5,,376,15.0,6
17,2100000,0,0,,0,0,,288,15.0,6
17,2600000,0,0,,0,2,,442,20.0,6
17,3200000,0,0,,0,5,,318,0.0,6
17,2500000,0,0,,0,5,,302,12.0,6
17,26000000,4,3,3.0,0,7,,382,15.0,6
17,5100000,0,0,,0,0,,483,13.0,6
17,400000,0,0,,0,4,,383,20.0,6
17,160000,4,3,3.0,1,4,,344,15.0,6
20,33000000,8,7,3.5,2,0,2075.0,13300,10.0,6
17,45000,4,3,2.0,1,0,,496,0.0,6
17,250000,4,3,2.0,1,7,,295,20.0,6
17,525000,5,5,3.0,1,0,,392,16.0,6
17,55000,0,2,2.0,1,0,,682,15.0,6
17,350000,0,0,,0,5,,279,20.0,6
17,55000000,4,4,2.0,2,0,2066.0,7100,13.0,6
17,350000,14,4,,10,4,2009.0,1200,20.0,6
27,3500000,0,0,,0,5,,1600,20.0,6
17,5500000,0,0,,0,0,,437,13.0,6
17,4500000,0,0,,0,4,,399,13.0,6
17,100000,6,3,5.0,2,0,2067.0,2400,20.0,6
27,600000000,0,0,,0,5,,669,25.0,6
9,62000000,0,0,,0,4,,330,25.0,6
27,14000000,0,0,,0,5,,359,20.0,6
17,240000000,0,0,,0,7,,514,19.68504,6
13,10000000,0,0,,0,0,,463,25.0,6
17,110000000,0,13,5.0,12,5,2073.0,4400,23.0,6
27,350000000,0,0,,0,4,,1200,36.08924,6
20,4550000,0,0,,0,5,,550,29.52756,6
20,1000001,0,0,,0,5,,312,29.52756,6
17,15000000,0,0,,0,0,,1200,36.08924,6
20,2800000,0,0,,0,4,,2600,24.0,6
17,5800000,0,0,,0,1,,2300,32.0,6
20,100000,7,3,3.0,2,2,,4000,15.0,6
20,15500,2,1,,0,6,,1800,11.0,6
17,1500000,0,0,,0,1,,657,15.0,6
20,75000,5,5,3.0,3,0,2012.0,6400,13.0,6
17,1600000,0,0,,0,2,,2400,13.0,6
17,875000,0,0,,0,5,,673,13.0,6
20,12500000,2,1,1.0,1,0,,6800,20.0,6
17,2000000,0,0,,0,7,,401,10.0,6
17,2200000,0,0,,0,4,,429,18.0,6
17,4500000,0,0,,0,1,,465,19.68504,6
17,110000000,4,6,2.5,5,5,2074.0,44200,20.0,1
17,62500000,5,4,3.0,4,7,2060.0,3600,13.0,6
17,5200000,0,0,,0,3,,5700,18.0,6
20,1550000,0,0,,0,2,,2300,22.0,6
20,13000000,3,2,4.0,1,3,2070.0,1600,28.0,6
20,13000000,3,2,4.0,1,3,2013.0,1700,28.0,6
3,35000000,6,3,3.0,2,2,2050.0,4900,18.0,6
17,36500000,4,5,3.0,4,4,2075.0,5500,18.0,6
17,26000000,5,5,,2,2,,1400,15.0,6
17,11000000,4,1,,1,4,,1800,15.0,6
17,19000000,8,2,,1,0,,596,15.0,6
17,25000000,5,5,,2,1,,1200,15.0,6
17,20000000,12,4,,2,5,,635,15.0,6
17,15000000,0,0,,0,0,,2800,0.0,6
17,29000000,7,5,,2,1,2075.0,13600,12.0,6
17,2200000,0,0,,0,6,,3000,13.0,6
17,1850000,0,0,,0,0,,5400,0.0,6
20,3500000,0,0,,0,4,,1200,13.0,6
17,6000000,0,0,,0,0,,4000,16.0,6
20,29000000,3,2,,1,4,2075.0,24700,15.0,6
20,3800000,0,0,,0,5,,1400,13.0,6
20,5500000,0,0,,0,0,,903,0.0,6
20,5500000,0,0,,0,0,,1700,0.0,6
20,5500000,0,0,,0,7,,1700,0.0,6
20,5500000,0,0,,0,7,,1700,20.0,6
20,25000000,6,3,,2,1,2074.0,953,10.0,6
20,40000000,6,4,,3,0,2069.0,1300,10.0,6
18,350000,0,0,,0,1,,978,16.0,6
17,4500000,0,0,,0,1,,798,20.0,6
27,17000000,0,0,,0,0,,1100,20.0,6
17,700000,0,0,,0,0,,1500,13.0,6
27,30000000,5,4,,3,0,,1400,18.0,6
27,80000000,5,6,,3,0,2065.0,873,0.0,6
27,900000,0,0,,0,0,,1100,20.0,6
27,600000,0,0,,0,0,,727,20.0,6
27,25000000,0,0,,0,0,,534,14.0,6
27,1000000,0,0,,0,0,,1100,20.0,6
27,900000,0,0,,0,0,,880,20.0,6
17,18000000,4,2,,2,4,,1200,13.0,6
20,23000000,7,3,,2,2,,948,16.0,6
17,35000000,0,0,,0,0,,568,20.0,6
17,35000000,11,6,,2,0,,1200,20.0,6
17,45000000,6,4,,0,0,,405,30.0,6
17,29500000,4,3,,2,7,,1500,20.0,6
20,21000000,10,5,,2,2,,1500,16.0,6
20,28000000,12,5,,1,1,,484,13.0,6
17,200000,4,5,,2,2,2067.0,5500,0.0,6
17,170000000,0,0,,0,7,,552,30.0,6
17,3600000,0,0,,0,1,,3900,20.0,6
17,11700000,0,0,,0,0,,625,12.0,6
17,4000000,0,0,,0,0,,1800,20.0,6
17,4000000,0,0,,0,6,,1500,20.0,6
17,11000000,3,2,6.0,1,3,2071.0,16100,20.0,6
17,2500000,0,0,,0,1,,1300,26.24672,6
17,32500000,0,0,5.0,0,0,,8600,25.0,6
20,140000000,5,4,4.0,7,0,,11900,20.0,6
17,105000000,4,5,3.0,7,6,2074.0,14900,20.0,6
19,59000000,5,2,2.0,7,4,,15000,12.0,6
20,6500000,4,3,3.0,5,1,,5600,30.0,6
17,2700000,0,0,,0,1,,7800,12.0,6
17,500000,5,5,3.0,5,2,,3100,16.0,6
17,12000000,4,2,2.0,1,2,,1400,13.0,6
17,27000000,5,3,2.0,1,0,2071.0,1500,12.0,6
17,300000,9,3,2.0,4,1,,2500,13.0,6
17,72500000,5,2,3.0,5,0,,19600,12.0,6
